# claims_ledger — every quantitative claim in README.md and the preprint, plus the claims made
# by the work that has landed since. The preprint is now
# preprint/modeling_radioresistance_and_radiotropic_fitness.tex; the PP-* rows were written
# against its superseded predecessor preprint/modeling_radiotrophic_fitness.{md,tex}, which is
# in git history. Their line-number citations refer to THAT document and are deliberately not
# rewritten: they record what was said at audit time, and repointing them would falsify it.
#
# ENFORCED, since calibration/tests/test_claims_ledger.py: no claim marked `delete` may
# reappear in the current manuscript. 20 of the 34 are checked mechanically and the other
# fourteen are NAMED as needing human review rather than passed over (see LEDGER-GUARD-01:
# the earlier "30 of 34" figure counted rows that yield a searchable phrase, not rows the
# guard can actually detect).
# plus the claims made by the work that has landed since those documents were written.
#
# WHY THIS EXISTS. The README and the preprint were written 2026-04-13. The calibration
# and coupling discipline that governs what this repository may claim was written after
# them. This ledger is the join: one row per claim, carrying the claim's status with it,
# so that the status survives being copied out of context. A number printed without its
# status is the failure this file exists to prevent.
#
# WHAT THIS IS NOT. It is NOT A RETRACTION LIST. Most rows are true statements wearing
# the wrong units or the wrong verb. A claim marked `restate` is usually correct
# arithmetic reported as physics, or a dimensionless model output printed in Gy, cm/s or
# cells — the statement is sound and the register is not. A claim marked `requalify` is
# usually a model INPUT reported as a finding, or a literature PRIOR reported as a
# calibration; the number stays, the epistemic label changes. Only `delete` means the
# claim has no referent anywhere in the repository, and there are far fewer of those than
# of the other two. The modelling is real. Rows marked `keep` say so, and the solver, the
# Metropolis core, the three-way radiation vocabulary in section 7.2 and the closing
# defect list are among them.
#
# THE RULES THE COLUMNS ENFORCE.
#   A dimensionless model output must not be printed with physical units.
#   A literature prior is not a calibration. A surrogate is not the target.
#   The OpenMC result is a FEASIBILITY BENCHMARK, not a physical calibration.
#   blocked != unsupported_by_current_model: blocked awaits a MEASUREMENT, unsupported
#     awaits a MODEL CHANGE. Rows whose required_to_fix says 'which is a MODEL CHANGE'
#     are the second kind and no amount of data closes them.
#   Missing evidence stays missing; it never becomes a convenient number.
#   EMPTY IS NOT ZERO. A blank cell means not established, and reads back as None.
#     Nothing here substitutes a default for a missing determination.
#
# UNIQUENESS KEY: claim_id.
#
# VOCABULARIES
#   claim_type            model_output | model_input | literature_prior |
#                         physical_measurement | repository_fact | proposed_formalism |
#                         design_principle | extrapolation
#                         physical_measurement is RESERVED for a claim asserting contact
#                           with a measured physical system. It is the strongest label in
#                           this vocabulary and an earlier draft of this file spent it 13
#                           times on statements about files and directories. AFTER THAT
#                           CORRECTION IT IS USED ZERO TIMES IN 189 ROWS, and that count
#                           is itself the finding: not one claim in the README or the
#                           preprint asserts contact with a measured physical system.
#                           The label stays in the vocabulary so the day one does, it has
#                           somewhere to go.
#                         repository_fact    a checkable statement about this repository,
#                           its documents, its dependencies or its history. Checkable is
#                           not the same as measured.
#                         proposed_formalism  an equation stated as target mathematics
#                           that no file integrates. Not an output, because nothing
#                           outputs it; not an input, because nothing reads it.
#   dimensionally_honest  true | false | not_applicable
#                         THIS COLUMN IS ABOUT UNITS ONLY. true = the number is printed
#                         with a unit it actually has. false = a dimensionless or lattice
#                         quantity wearing a physical unit, or a unit the quantity cannot
#                         carry. An estimator defect (an unweighted mean over radial
#                         nodes) and a sign defect (a direction reported backwards) are
#                         BOTH larger errors than a units error and NEITHER belongs in
#                         this column; they are stated in notes and drive `status`.
#   traceable_to_code     true | false | unverified | not_applicable
#                         unverified = a run would produce it but no run was made here
#   evidence_basis        simulation_output | primary_literature | declared | derived | absent
#   status                keep | restate | requalify | delete | needs_calibration |
#                         needs_verification
#                         `keep` MEANS NO ACTION. required_to_fix is empty on every keep
#                         row in this file; a keep row carrying a required fix is a work
#                         item mislabelled, and the five that did have been moved to
#                         `restate`.
#
# TWO STANDING BLOCKERS referenced throughout required_to_fix:
#   cpm.lattice_pitch_um            unset; spatial gate PROVISIONAL; a pitch is not
#                                   identifiable from a cell volume alone.
#   cpm.seconds_per_mcs_calibration unset (ships NaN, and accrue_dose! REFUSES rather
#                                   than default); downstream of the pitch.
# Until both clear, every length in cm/um and every dose in Gy in these two documents is
# a lattice quantity with a label attached to it by hand.
#
# THE STOP CONDITION applies to one claim family (RM-KR-08, PP-66-01, PP-73-02):
#   no OpenMC dose enters the radiodialysis model until the constitutive choice between
#   the decaying m and the growing P_eff is explicitly selected.
#
# FOUR THINGS THAT CHANGED AFTER THE FIRST DRAFT OF THIS LEDGER, EACH OF WHICH MOVES ROWS.
#
# 1. THE RETITLE. The work is now 'Modeling Radioresistance and Radiotropic Fitness'.
#    It follows from (2) and (3): radioresistance is the evidence the parameters rest on,
#    radiotropism is the phenomenon the model implements, and radiotrophy is neither.
#
# 2. THE PHENOTYPE FOLD (commit 01b0f4d, docs/calibration/integration_contract.md,
#    section 'Which radiation phenotype this model actually represents'). compute_delta_H
#    adds beta_ion[s]*I_gamma when a parcel GAINS a site, so a negative beta lowers the
#    Hamiltonian in high-dose sites and the parcel drifts UP the gradient. That is a
#    TROPISM. It was labelled 'metabolic energy gain', which conflates a Metropolis
#    acceptance functional in arbitrary units with an energy budget.
#    radiotrophic (radiation ENHANCES growth) is NOT represented: there is no growth.
#    radioresistant (elevated SURVIVAL) is NOT represented: there is no death.
#    Both are STRUCTURALLY ABSENT, like response.growth_survival — unsupported by the
#    current model, not blocked on data. const RADIOTROPHIC was renamed RADIOTROPIC in
#    biofilms_potts.jl and biofilms_3d.R's species flag likewise.
#
# 3. THE HEADLINE NEGATIVE RESULT IS NOT WHAT AN EARLIER DRAFT SAID, AND THE CORRECTED
#    FINDING IS STRONGER (commit 5d1b777). At the shipped I0 = 1.0 and T_cpm = 5.0:
#      dH_rad, radiotropic species (beta = -5e-5)  -> Metropolis bias 1.000010
#      dH_rad, most radiosensitive (beta = 7.5e-2) -> bias 0.985
#      dH_mel at the reported M = 1.44             -> bias 1.155
#    beta_ion — the parameter Table 2 tabulates per species and the one the whole sign
#    convention is written around — biases acceptance by ONE PART IN 1e5 for exactly the
#    species whose radial stratification is the headline result. The melanin term biases
#    it by 15.5%, FOUR ORDERS OF MAGNITUDE more, through a coefficient of 0.5 HARD-CODED
#    at its call site in compute_delta_H, appearing in no table and no config file.
#    DO NOT READ THIS AS 'RADIATION DOES NOT REACH THE DYNAMICS'. It does, indirectly,
#    because melanin_drive is copied from the radiation field:
#      radiation -> production (alpha_M, tabulated) -> M -> dH_mel (0.5) -> tropism
#    The tropism is MELANIN-MEDIATED. Only the product alpha_M * k reaches the dynamics,
#    so the two are jointly identifiable at best and never separately. Now ledgered as
#    cpm.melanin_coupling in data/parameter_provenance.csv, status=blocked,
#    sensitivity_rank=high. It is one of FIVE rows there not ranked unknown, and the only
#    one outside the A0 transport sweep: transport.mesh.base_dimension and
#    transport.mesh.coarsening_factor are also high, transport.batches and
#    transport.particles medium, all four carrying sensitivity_domain=transport_numerical,
#    which is a numerical-convergence rank and not a biological one. Every
#    biological-response row is still unknown. Row PP-T2-29 carries it here.
#
# 4. THE RADIOTROPHIC COMPATIBILITY AUDIT (commits 904b9a4, a03bc32;
#    docs/research/radiotrophic_compatibility_audit.md and the three ledgers in
#    data/research/). Four verdicts, rows NEWS-AUD-01..04. RADIOTROPHY IS NOT ESTABLISHED
#    FOR ANY OF THE SEVEN SPECIES. RADIORESISTANCE IS WELL EVIDENCED. Radiotropism has
#    its own candidate, Zhdanova 2004, blocked twice.
#
# TWO COUNTS CORRECTED AGAINST THE BRIEFING THAT COMMISSIONED THIS FILE.
#   Preprint Table 2 has 26 DATA ROWS, not 27. Counted directly at
#   preprint/modeling_radiotrophic_fitness.md:157-182: D_s x6, mu_s x5, beta x6,
#   alpha_M x3, K_s x4, omega_s x1, sigma_s x1 = 26. Rows PP-T2-01..26 map 1:1 in file
#   order; PP-T2-27 is the header, PP-T2-28 the precision claim, PP-T2-29 the
#   untabulated melanin coefficient. Anyone reconciling .md against .tex on a count of 27
#   will hunt a row that does not exist.
#   README Key Results is 7 rows, decomposed here into 12 atoms plus a header row.
#
# BIORXIV. Two web searches on 2026-08-15 found NO RECORD of this preprint being posted.
# No 10.1101 DOI appears anywhere in the repository, the PDF metadata or any commit
# message, and the .md's final section is titled 'Notation Fixes Required Before
# Submission'. That is a search result on one date, not proof of non-posting, and no
# committed text may assert non-posting as a fact. See NEWS-BIORXIV-01.
#
# SCOPE, AND THE LINE NUMBERS IN THE location COLUMN. This file audits the documents AS
# THEY STOOD BEFORE THE REVISION PASS: README.md as committed at f4e8dbf (its content is
# unchanged through 5d1b777), the preprint .md as the 2026-04-13 draft, and the preprint
# .tex as the source of record and a strict superset of the .md. All three have since been
# revised in the working tree, so the L-numbers in the location column resolve against the
# PRE-REVISION README and not against the current file; they are kept because they are the
# addresses the audit was performed at. Rows tagged document=preprint_tex exist only in
# the .tex and therefore only in the compiled PDF. Rows tagged document=repository are
# claims made by post-April work rather than by either document.
#
# WHAT A ROW'S status MEANS NOW. status is the WORK ITEM, not a report on whether the work
# has been done. Many restate/requalify/delete rows have since been actioned in the
# revised sources; docs/preprint_revision_plan.md is the record of which. A row is not
# evidence that the defect it names is still present in the current text.
#
# TWO STATUSES THAT ARE NOT WORK ITEMS. Rows for work that has LANDED carry a verdict
# instead, because there is nothing left to do to the text:
#   supported            the claim is true as written and a named test holds it up
#   must_not_be_claimed  an EXPLICIT NEGATIVE. The claim is false and is recorded here
#                        precisely because something adjacent to it is now true — the
#                        synthetic dose run is the thing most likely to be mistaken for a
#                        calibration of the target system, so the mistake is written down
#                        rather than left for a reader to avoid on their own.
claim_id,document,location,claim_text,claim_type,reported_value,reported_unit,dimensionally_honest,traceable_to_code,code_location,evidence_basis,status,required_to_fix,notes
RM-MH-01,README,L3 masthead,Kinder & Faulkner (2026) - Systems Biology - bioRxiv preprint,repository_fact,,none,not_applicable,false,none,absent,restate,"A bioRxiv DOI (10.1101/...), or the phrase 'unsubmitted manuscript'","NO RECORD FOUND, WHICH IS NOT THE SAME AS NOT POSTED. No 10.1101 DOI exists in the repo, the PDF metadata, or any commit message; PDF Creator is 'LaTeX with hyperref', a local build; two web searches on 2026-08-15 returned no bioRxiv record. bioRxiv assigns a DOI at posting, so the absence is consistent with an unposted manuscript — but the honest statement is 'no record found on 2026-08-15', and no committed text may claim more. See NEWS-BIORXIV-01."
RM-MH-02,README,L5 framing,A multi-scale simulation framework,design_principle,,none,false,false,none,declared,restate,cpm.lattice_pitch_um and cpm.seconds_per_mcs_calibration,"No scale is defined anywhere. Three model families at three unrelated, unconvertible resolutions is unlinked, not multi-scale. Honest phrasing: 'three uncoupled model families at currently uncalibrated resolutions'."
RM-MH-03,README,L5 framing,spanning Langevin PSDE dynamics,repository_fact,,none,not_applicable,false,none,absent,restate,Rename to 'particle Langevin SDE',No partial SDE for a field F_s is integrated anywhere. biofilms.R and biofilms_3d.R integrate 7 and 7 particle positions. The CPM and radiodialysis halves of the phrase are accurate and survive unchanged.
RM-MH-04,README,L5 framing,for nuclear bioremediation design,design_principle,,none,not_applicable,false,none,declared,restate,Rename to 'motivated by nuclear bioremediation',"No design output exists: no sizing, no dose envelope, no material selection, no acceptance criterion. config/*.toml are templates with REQUIRED-unset fields."
RM-TREE-01,README,L12-L23 repository tree,the repository tree block as a complete listing,repository_fact,,none,not_applicable,false,none,absent,restate,Rewrite the tree,"Omits calibration/ (11 modules, 10 test files), coupling/ (14 modules, 14 test files), docs/ (17 md), data/ (19 CSV), config/, tests/, .github/. That tier is now the largest part of the repo and the part that governs what the rest may claim. Recategorised from physical_measurement: a directory listing is a fact about this repository, not a measurement."
RM-B02-01,README,L17,reactor_decision_tree.R - Hamiltonian kNN reactor selection,model_output,,none,not_applicable,false,reactor_decision_tree.R:8-83,absent,restate,Drop 'Hamiltonian' and 'decision tree',"The file is glm(binomial) + MASS::stepAIC + class::knn(k=3) over a hard-coded 4-row frame (Thorium/Americium/Curium/Neptunium; Cost, EnergyDensity). Logistic regression on 4 points with 2 predictors is saturated."
RM-B07-01,README,L19,21-page preprint,repository_fact,21,pages,true,not_applicable,none,derived,restate,State '21 pages in the April build (e24dbec)' once the PDF is withdrawn from HEAD,"pdfinfo confirms Pages: 21, true of the artefact as committed today. It stops being true of HEAD the moment the PDF is removed, which is why this is restate rather than keep. Note separately that the committed PDF is one figure revision behind preprint/figures/ and cannot be rebuilt on this machine (no TeX engine installed)."
RM-E05-01,README,L95 GIF caption,k-means cluster trajectories over 500 time steps,model_output,500,steps,true,true,biofilms.R:102,simulation_output,restate,"Change to 1000, or regenerate the GIF and state which",num_steps <- 1000. Off by 2x against the code that produced the animation.
RM-E04-01,README,L87,k-means spatial clustering,model_output,4,clusters,true,true,biofilms.R:86-87,simulation_output,requalify,"State n=7 points, k=4, no cluster-validity criterion, refit every 10 steps from a random start","kmeans(positions, centers = 4) on 7 points. The preprint calls the same run 'three distinct spatial niches' and the CPM uses k=3. Clustering 7 points into 4 clusters is not a niche analysis."
RM-E02-01,README,L87,species-specific radiation sensitivity,model_input,,dimensionless,false,true,biofilms.R:25-29,declared,restate,State that this model has no radiation field,"F_rad_avoidance = -rad_sensitivity*gamma_intensity is a scalar added identically to dx_dt and dy_dt: a uniform drift along the (-1,-1) diagonal. The rad_aversion and rad_sensitivity branches are algebraically identical, so the distinction is dead code."
RM-E03-01,README,L87,Stochastic Langevin integration,model_output,,none,false,true,biofilms.R:20-21,simulation_output,restate,Fix the scheme or state the defect,"Noise is rnorm(sd=sqrt(2D)) scaled by dt, not sqrt(dt). Realised diffusivity is D*dt = 0.1*D and changes with the step size; as dt->0 the model degenerates to a deterministic ODE. This is not Euler-Maruyama."
RM-F04-01,README,L101,"cylindrical bioreactor of radius R, axial length L",model_input,"R=1.0, L=2.0",normalised,false,true,biofilms_3d.R:376-378,declared,restate,State 'normalised units; no physical length is defined',"Hard-coded and commented 'normalised units'. Also structural: L = 2R always, because R = N/2 is recomputed as a local at seven separate sites and no z-extent field exists. That is a topology fact, not a resolution one - no pitch fixes it."
RM-F03-01,README,L101,"Sliders: radiation intensity I0, attenuation kappa, nutrient C0, thorium intensity",model_input,4,sliders,true,true,biofilms_3d.R:340-356,simulation_output,restate,"Add the Heat Intensity slider (five, not four)","The omitted slider is not cosmetic: F_heat_scalar = heat_intensity*D and nutrient_effect are scalars added identically to x, y and z force components, producing a spurious (1,1,1) drift - an axial force from a radial quantity."
RM-F05-01,README,L103-105,shiny::runApp(biofilms_3d.R),repository_fact,,none,not_applicable,false,biofilms_3d.R:490,absent,needs_verification,Test the command before publishing it,"runApp expects a directory containing app.R, or a shiny.appobj. A bare .R filename is not a valid appDir. Rscript biofilms_3d.R is the likely correct invocation."
RM-G01-01,README,L113,Pure Julia.,repository_fact,,none,not_applicable,false,biofilms_potts.jl:1842,declared,restate,Add CairoMakie to Project.toml; say 'stdlib only for the simulation core',"using CairoMakie at L1842, and CairoMakie is not in Project.toml ([deps] = AMDGPU, HDF5, JACC). The file's own header at L21 makes the same claim about itself. Note the load-bearing split marker '#  13. Figure export' (two spaces) that tests/runtests.jl, validate_serial.jl and the JACC selftest all split on - which is why Project.toml has no plotting dependency. The claim is nearly true and worth making precisely."
RM-G02-01,README,L113,60^3 cylindrical lattice,model_input,60,lattice sites per side,true,true,biofilms_potts.jl:1502,simulation_output,restate,"State 40^3 for the default coupled run and 60^3 for --no-radiolysis, and name which run produced each number","CPMParams.N = 60 is the default struct value, but the default execution path is main_coupled(), which constructs CPMParams(N = 40). Every reported number in the Key Results table comes from the 40^3 run. The preprint has the same contradiction internally (tex:544 says 60^3, tex:629 says 40^3)."
RM-G04-01,README,L113-114,5-term Hamiltonian (adhesion + volume + radiation + melanin + pairwise),model_output,5,terms,true,true,biofilms_potts.jl:542,simulation_output,restate,State four terms in the dynamics; pairwise is a snapshot diagnostic,"compute_delta_H returns dH_adh + dH_vol + dH_rad + dH_mel. gamma_mutual and sigma_mutual appear nowhere in compute_delta_H. The melanin acceptance term hard-codes 0.5*M_local rather than the declared per-species alpha_M_species - and that hard-coded 0.5 is the coefficient through which radiation actually reaches the dynamics. It now has its own row, PP-T2-29."
RM-G05-01,README,L114-115,coupled melanin/nutrient/radiation fields,model_output,3,coupled fields,true,true,biofilms_potts.jl:415-703,simulation_output,restate,One of three. Melanin two-way; radiation static after init; nutrient write-only,"state.nutrient is written by init_nutrient!/update_nutrient!/update_nutrient_coupled! and read by nothing: not by compute_delta_H, not by any growth rule, never plotted."
RM-G07-01,README,L123 Fig 1 caption,Radial stratification over 100 MCS,model_output,100,Monte Carlo steps,true,true,biofilms_potts.jl:1512,simulation_output,keep,,"MCS is the model's own clock and is the honest unit here. Do not convert it to seconds: seconds_per_mcs is NaN by design. Run provenance (N=40, seed 42, 6 parcels/species) belongs with the numbers this caption labels, not with the MCS count itself."
RM-G08-01,README,L123 Fig 1 caption,Radiotrophic fungi migrate toward the outer wall; B. subtilis retreats to the low-radiation core,model_output,,none,not_applicable,true,biofilms_potts.jl:306,simulation_output,restate,"Reverse the direction, say radiotropic not radiotrophic, and regenerate the committed PNGs","Reversed on both counts, and the wrong phenotype word. I(r) = I0*exp(-kappa*r/N) is MAXIMUM ON THE AXIS; tests/deterministic_radiation.jl pins exactly that. beta_ion is negative for CN and CS, so the implemented physics draws those parcels INWARD. The core is the high-radiation region. README section 2 says the opposite of README section 3 about the same physics. On the word: what is implemented is a tropism, never radiotrophy - see NEWS-PHEN-01."
RM-G09-01,README,L123 Fig 1 caption,"Spatial sorting is emergent from the CPM Metropolis dynamics, not imposed",model_output,,none,not_applicable,true,biofilms_potts.jl:141-171,simulation_output,restate,Name the two terms that actually compete: the hand-built J matrix and dH_mel,"The claim is defensible in form and wrong in attribution. dH_rad = beta_ion*I with beta = -5e-5 and I <= 1 shifts acceptance by 1e-5 at T_cpm = 5, against dH_adh built from J in {0,4,12,16,20} and dH_vol with lambda_V = 10; tests/deterministic_radiation.jl must DELIBERATELY AMPLIFY beta to detect drift at all. But dH_mel = -0.5*M at the reported M = 1.44 shifts acceptance by 15.5%, which is NOT negligible against adhesion. So sorting is driven by J and by the melanin term, and radiation enters through melanin rather than through beta_ion. See PP-T2-29 and NEWS-MEL-02."
RM-G10-01,README,L127 Fig 2 caption,C. sphaerospermum accumulates the most melanin due to its radiotrophic positioning in the high-radiation outer zone,model_output,,none,not_applicable,true,biofilms_potts.jl:85-93,simulation_output,requalify,"Attribute the ordering to alpha_M_species, fix the zone direction, and drop 'radiotrophic'","Three errors. The outer zone is the LOW-radiation zone. CS accumulates most because alpha_M_species[CS] = 0.14 is the largest of the three producers (CN 0.10, AN 0.065) - a model INPUT reported as a finding. And 'radiotrophic positioning' names a phenotype the model does not represent; the positioning is a tropism."
RM-G11-01,README,L127 Fig 2 caption,Melanin growth is linear over the simulation window - saturation not yet reached,model_output,,none,not_applicable,true,biofilms_potts.jl:677-703,simulation_output,restate,State that the field equation has no saturation term of any kind,"dM/dt = D_M*lap(M) + alpha*n_rf*drive. No carrying capacity, no Michaelis-Menten, no substrate depletion, no decay. With a static drive and near-static occupancy, linear growth is structurally guaranteed. 'Saturation not yet reached' implies a saturating model that does not exist."
RM-H01-01,README,L135,Method-of-lines finite-volume solver with LSODA adaptive stiff integration (deSolve),model_output,,none,true,true,biofilms_radiodialysis.R:180-182,simulation_output,keep,,"ode(..., method='lsoda', rtol=1e-6, atol=1e-8). Accurate as stated. This solver and its Robin BC are the most solid code in the repository and the claim needs no qualification."
RM-H03-01,README,L139-140,or headless: Rscript biofilms_radiodialysis.R,repository_fact,7799,TCP port,true,true,biofilms_radiodialysis.R:405-409,simulation_output,restate,'serves the app on 127.0.0.1:7799 without opening a browser',The non-interactive branch starts a Shiny server with launch.browser=FALSE. It produces no files and blocks. That is not a headless batch run.
RM-H08-01,README,L149 Fig 4 caption,"Wall concentration c(R,t) reaches 87% of c_ext",model_output,0.87,c_ext (dimensionless ratio),true,unverified,biofilms_potts.jl:1474,simulation_output,needs_verification,"Re-run and report with seed, N, Nr and MCS count","The ratio form is correct - a dimensionless quantity from a dimensionless model. Not reproducible from constants alone. Note that rd.c[end] is the node AT r=R, exactly where the Robin BC is imposed, so this is largely a readout of the boundary condition rather than of transport."
RM-KR-00,README,L155 heading,Key Results (from preprint section 5),repository_fact,,none,not_applicable,false,none,absent,restate,Re-attribute to the coupled run and fix the section number,"Preprint section 5 is Computational Methods; section 6 is Results. More seriously, not one of these seven numbers appears anywhere in the preprint .md (grep for 0.779, 1.44, -41.5, 34.4, 42: zero hits). They come from the Julia coupled run, which postdates the manuscript. The .tex section 6.6 does carry them - see the PP-66 rows."
RM-KR-01,README,Key Results row 1,Membrane integrity at 50 Gy,model_output,50,Gy,false,true,biofilms_potts.jl:1624-1628,simulation_output,restate,cpm.seconds_per_mcs_calibration and a dose field derived from state.radiation,"NEVER PRINT Gy HERE. D_cum = Ddot_R*t = 1.0 * (100 MCS * dt_rd 0.5) = 50, where every factor is an unset knob: Ddot_R = 1.0 is a hard-coded constant never derived from state.radiation; dt_rd = 0.5 carries the comment 'tune to match CPM time scale'; seconds_per_mcs = NaN by deliberate design and accrue_dose! ERRORS OUT rather than run without it. The repo has two independent clocks with no declared conversion. '50 Gy' = 100 x (an unset second) x (an invented Gy/s)."
RM-KR-02,README,Key Results row 1,m = 0.779,model_output,0.779,dimensionless,true,true,biofilms_potts.jl:1360,simulation_output,restate,"Report as 'after 100 MCS', not 'at 50 Gy'","Arithmetically exact: exp(-k_dam*Ddot_R*t) = exp(-0.005*50) = 0.7788. The NUMBER is honest and reproducible; the DOSE LABEL attached to it is not. This row and RM-KR-01 are the same sentence split into its honest half and its fabricated half, and that split is the pattern the whole table should follow. Report 3 significant figures against a model with zero calibrated inputs only if the run provenance travels with it."
RM-KR-03,README,Key Results row 2,P_eff increase 2.7x baseline,model_output,2.718,dimensionless ratio,true,true,biofilms_potts.jl radiolysis block,simulation_output,requalify,State that the value is exactly e by construction,"P_eff/P0 = exp(alpha_P*D_cum) = exp(0.02*50) = e. The ratio is dimensionless and legitimate in form, but alpha_P*Ddot*dt_rd*n_MCS = 1 EXACTLY, so the result is a closed-form function of four hand-set constants and zero data. This is an input reported as a result."
RM-KR-04,README,Key Results row 2,0.010 -> 0.027 cm s^-1,model_output,0.010 -> 0.027,cm/s,false,false,none,declared,restate,"A measured permeability for the actual membrane, under the actual dose","The simulation computes NO permeability in cm/s. 0.010 is P0, a Nafion-117 literature prior copied from a parameter slot; 0.027 is 0.010*e. The model computes a multiplier and inherits the unit from the prior. A literature prior is not a calibration. The material export gate blocks evidence_basis=declared for exactly this reason: shipping it would launder it into a measurement. Carry a standing 'Permeability, absolute | - | cm/s | none computed in this work' line wherever the deleted numbers were, so they are not reinvented later."
RM-KR-05,README,Key Results row 3,Interior contaminant mean 0.024 c_ext,model_output,0.024,c_ext (dimensionless ratio),true,true,biofilms_potts.jl:1474,simulation_output,restate,Volume-weight the radial mean,"THE UNIT IS CORRECT: c/c_ext is a dimensionless ratio of two quantities in the same units, so dimensionally_honest is true. The defect is in the ESTIMATOR, which this column does not encode: mean(rd.c) is unweighted over 40 radial nodes including the wall node, and in a cylinder an outer annulus holds far more volume than an inner one, so it under-weights precisely the region where c is largest. material_basis_contract.md flags the identical defect for the biomass profile."
RM-KR-06,README,Key Results row 3,98% depletion,model_output,98,percent depleted,false,true,biofilms_potts.jl:2177-2178,simulation_output,restate,Rename to non-penetration in both the README and the figure label,"CATEGORY ERROR, and a genuine units failure: 'percent depleted' is a label this quantity cannot carry. c is initialised to ZERO everywhere (init_radiolysis, L1196). The interior never held contaminant to deplete. The number measures non-penetration, not removal. The label originates in export_figures as (1.0 - c_mean)*100 printed as '% depleted' and was copied verbatim into the README."
RM-KR-07,README,Key Results row 4,C. neoformans mean r/R = 0.65,model_output,0.65,dimensionless ratio,true,true,biofilms_potts.jl:1957,simulation_output,needs_verification,"Multi-seed replicates, a uniform-seeding null, and the correct direction","The RATIO IS DIMENSIONALLY HONEST - radial_dist(com) and R_wall = N/2 are both lattice units. Everything around it is open: direction is backwards (beta_ion[CN] < 0 draws CN toward the axis, so CN should have the SMALLER r/R); n = 6 parcels, one seed (42), no replicates. 0.65 sits about 1.5 SE from the uniform-seeding null of 0.53, so unlike RM-KR-08 a multi-seed run COULD resolve this one either way - which is why it stays needs_verification."
RM-KR-08,README,Key Results row 4,B. subtilis mean r/R = 0.50,model_output,0.50,dimensionless ratio,true,true,biofilms_potts.jl:1957,simulation_output,requalify,Report against the uniform-seeding null of 0.53; the claim does not survive it,"NOT A CLAIM AWAITING DATA. Parcels are seeded uniformly in a disk of radius R-4 = 0.8R (biofilms_potts.jl:379), for which the expected mean r/R is (2/3)(0.8) = 0.53. BS at 0.50 is ON the null, and more seeds tighten the SE around a point estimate that is already indistinguishable from the initial condition - they cannot make 0.50 evidence of stratification. Marking this needs_verification would imply a re-run could rescue it. Sampling sd of r/R for a uniform disk is ~0.19, so SE ~ 0.08 at n=6."
RM-KR-09,README,Key Results row 5,C. sphaerospermum melanin (MCS 100) 1.44 (field units),model_output,1.44,field units,true,unverified,biofilms_potts.jl take_snapshot,simulation_output,restate,"Add seed, N and MCS provenance alongside the number","THE ROW THAT ALREADY DOES MOST OF WHAT THE WHOLE TABLE SHOULD DO. mean_melanin is the mean of a dimensionless field over that species' occupied sites, and the caption says 'field units' rather than inventing ug/um^3. Restate rather than keep only because a template with an unstated required fix is not a template: the run provenance must travel with the number. Note the ordering among producers is set by alpha_M_species (see RM-G10-01), and that this same M = 1.44 is the value at which dH_mel dominates dH_rad by four orders of magnitude (PP-T2-29)."
RM-KR-10,README,Key Results row 6,Pairwise community energy -34.4 -> -41.5 (tightening cooperation),model_output,-34.4 -> -41.5,model units,true,true,biofilms_potts.jl:785-801,simulation_output,requalify,State that it is a reporting statistic outside the acceptance path,"total_pairwise_energy is called from take_snapshot alone. Nothing in the simulation minimises it, so its decrease is a by-product of parcels drifting closer under adhesion. 'Tightening cooperation' is an interpretation layered on a number that influences nothing."
RM-KR-11,README,Key Results row 7,42 / 42 cells,model_output,42,parcels (reported as cells),false,true,biofilms_potts.jl:1502,simulation_output,restate,"Say parcels, not cells","cpm_entity_semantics.md declares one CPM cell ID a COMPUTATIONAL BIOMASS PARCEL, with literal_generation_claim_allowed = false for all seven species, and forbids comparing parcel counts to colony-forming units. 42 = 7 species x 6 parcels from main_coupled - the N=40 run, which also contradicts the 60^3 claim in RM-G02-01."
RM-KR-12,README,Key Results row 7,no extinctions,model_output,0,extinctions,not_applicable,true,biofilms_potts.jl:613-626,simulation_output,delete,"A growth mechanism, which is a MODEL CHANGE and not a measurement","Persistence is a property of the model, not a result. divide_cell! is called from nowhere, so 42 is the ceiling as well as the floor; the only death path is volume <= 0 while lambda_V = 10 drives every parcel toward V_target = 120. integration_contract.md:85 states response.growth_survival is UNFITTABLE IN PRINCIPLE, not merely unmeasured. This is the same structural absence that makes radiotrophy and radioresistance unrepresentable - see NEWS-PHEN-02 and NEWS-PHEN-03."
RM-CF-01,README,L167 central finding,The central finding is a self-regulating remediation loop: radiation damages the membrane -> P_eff increases -> more contaminant enters -> S. oneidensis immobilises it,design_principle,,none,not_applicable,false,biofilms_potts.jl:1360,absent,delete,THE RETAINED STOP CONDITION: select the constitutive relation between m and P_eff,"Every arrow is broken. (1) m and P_eff are independent laws that never read each other; m enters the CPM in exactly one place, C_wall_eff = C_wall*m, scaling NUTRIENT. (2) P_eff is a function of t alone, so it is open-loop - nothing regulates it. (3) X_red is an unweighted mean(), so where SO sits cannot change where sorption happens. Reframe as a design hypothesis the code was built to test and does not yet implement; it is a good hypothesis and a false finding."
RM-CF-02,README,L167 central finding,S. oneidensis co-located at the outer wall by CPM dynamics,model_output,,none,not_applicable,false,biofilms_potts.jl:1446,simulation_output,delete,A radially resolved uptake sink,run_simulation_coupled collapses the radial biomass profile with an unweighted mean() before it reaches the solver. The profile is computed by compute_radial_biomass and thrown away. Species location cannot influence uptake in this model.
RM-CF-03,README,L167 central finding,No external energy input required.,design_principle,,none,not_applicable,false,none,absent,delete,"An energy balance, which does not exist anywhere in the repository","MUST NOT SURVIVE IN ANY FORM. No ATP, no yield coefficient, no maintenance term, no pump work, no free-energy accounting. The CPM 'energy' H is a Metropolis acceptance functional in arbitrary units; treating it as a thermodynamic ledger is a units error, not an approximation. This is the same conflation that produced the phrase 'metabolic energy gain' on beta_ion, now removed from the source - see NEWS-PHEN-01."
RM-PP-01,README,L178,"Table 2 - 7 species x 8 parameters, literature-justified",literature_prior,7 x 8,species x parameters,not_applicable,false,none,declared,restate,"State 6 species, 7 parameter types, 26 rows, sparsely populated","Table 2 covers CN, DR, BS, CS, AN, SO - O. intermedium has NO ROW. Parameter types are 7, not 8. The table is sparse: alpha_M for 3 species, K_s for 4, mu_s missing for AN, omega_s and sigma_s given as 'All species'. Counted directly, 26 data rows. A 6x7 sparse table is not 7x8."
RM-PP-02,README,L179-180,section 5 Results / section 6 Discussion,repository_fact,,none,not_applicable,false,none,absent,restate,"section 6 Results, section 7 Discussion","Off by one throughout. Section 5 is Computational Methods, 6 is Results, 7 is Discussion. Also: no CPM stratification, no membrane transport and no contaminant penetration appear in the .md manuscript at all; they exist only in the .tex."
RM-PP-03,README,L174,21 pages - Hamiltonian-Langevin framework - Cellular Potts Model - Radiodialysis PDE,repository_fact,,none,not_applicable,false,none,absent,restate,Drop CPM and radiodialysis from the .md descriptor; keep them for the .tex,"grep for Potts in the .md returns zero. grep for radiodialys|membrane|Robin|P_eff in the .md returns zero. Both exist in the .tex only. The README links the PDF, which was built from the .tex, so the descriptor is right about the PDF and wrong about the .md."
RM-PP-04,README,L171-180,the preprint linked as a finished artefact,repository_fact,,none,not_applicable,false,none,absent,restate,"Link with status, or remove the compiled PDF from HEAD","The .md ends with a section titled 'Notation Fixes Required Before Submission' listing 7 unresolved defects. The README mentions none of them. Worse: that list has no counterpart in the .tex, so THE ONLY PLACE THE PREPRINT ADMITS AN UNRESOLVED DEFECT IS A FILE THE PDF WAS NOT BUILT FROM. The honest defect list was silently dropped in the .md -> .tex migration. See PP-NOT-01."
RM-DEP-01,README,L186,R (>= 4.2),repository_fact,4.2,version,true,false,none,declared,needs_verification,Justify or drop the floor,No >= 4.2 requirement is enforced or evidenced anywhere.
RM-DEP-02,README,L188,"install.packages(c(deSolve, shiny, plotly, ggplot2, dplyr, gridExtra))",repository_fact,6,packages,not_applicable,true,"biofilms*.R, reactor_decision_tree.R",simulation_output,restate,Drop gridExtra; add MASS and class,"gridExtra is loaded by nothing (0 hits repo-wide). MASS and class are missing, and reactor_decision_tree.R fails immediately without them."
RM-DEP-03,README,L191,Julia (>= 1.10),repository_fact,1.10,version,true,false,Project.toml,declared,restate,State the tested version: 1.12,"The tests/fixtures CSV golden file pins the Julia 1.12 RNG stream, so 1.12 is the tested contract, not 1.10."
RM-DEP-04,README,L194,"Pkg.add([CairoMakie, GLMakie])",repository_fact,2,packages,not_applicable,false,Project.toml,declared,restate,Drop GLMakie; add CairoMakie to Project.toml; document AMDGPU/HDF5/JACC,"GLMakie appears NOWHERE in the repository; there is no interactive Makie path. CairoMakie is not in Project.toml, so julia --project=. biofilms_potts.jl fails at L1842. Conversely the three declared deps are undocumented in the README."
RM-DEP-05,README,L184-195,the dependency section as a complete list,repository_fact,,none,not_applicable,false,none,absent,restate,Add a Python section,"Two installable Python packages exist (calibration/, coupling/) with 253 collected tests between them, plus a pinned conda-forge OpenMC stack (docs/openmc_stack.md). The README lists no Python at all, and no HDF5 despite export_checkpoint.jl."
RM-TEST-01,README,whole document,(silence on the test suite),repository_fact,,none,not_applicable,false,tests/,absent,restate,Add the suites and their HEAD counts,A README with a test suite and no mention of it undersells the one thing that makes the claims checkable. At HEAD: 135 Julia tests passing; 86 collected in coupling (3 openmc-gated); 167 collected in calibration. Re-run before printing any of these; docs/branch_report.md's 38/44 figures are stale.
RM-OMC-01,README,whole document,(silence on the OpenMC coupling),model_output,,none,not_applicable,false,coupling/,absent,restate,Add coupling/ WITH its status label,"The single largest body of new work is invisible from the front page. It must arrive carrying its own qualifier: THE OpenMC RESULT IS A FEASIBILITY BENCHMARK, NOT A PHYSICAL CALIBRATION. Energy balance closes to 5.2e-9 relative error; and 75% of occupied voxels scored no heating at the 10 um demo pitch, median relative error ~1, reported as a limitation rather than hidden. The 10 um feasibility mesh must never silently become the biological pitch."
RM-VCH-01,README,whole document,(silence on the V. cholerae pilot),model_output,,none,not_applicable,false,calibration/scripts/vcholerae_pilot.py:45,absent,restate,Add the pilot WITH reference_system_id and target_calibration,"reference_system_id = public_vcholerae_surrogate, target_calibration = false. It validates MACHINERY, never biology. The script writes target_calibration=false into its own output so the distinction survives being copied out of context. A surrogate is not the target. Results: NEWS-VCH-01..04."
PP-AB-01,preprint,Abstract,This work contributes a predictive modeling tool,design_principle,,none,not_applicable,false,none,absent,restate,Ten open gates - see part D of the sections 1-5 audit,"'a mechanistic modelling framework'. Predictive means a number in a physical unit can be compared to a measurement of a system it was not fitted to. Every link is open: no pitch, no time base, no density, no emitted config, no held-out validation. docs/physical_reference_system.md opens 'Nothing in this repository defines a physical system.'"
PP-AB-02,preprint,Abstract,Numerical simulations of seven interacting species,model_input,7,species,true,true,biofilms_potts.jl:21-29,simulation_output,keep,,"The COUNT is right and the abstract's roster matches the authoritative Julia registry exactly. Keep it as written. Three registries disagree downstream and that is a separate defect: biofilms.R has a 'New Extremophile' placeholder and no O. intermedium; biofilms_3d.R has Pseudoalteromonas and no O. intermedium; and the orderings differ, so any positional cross-file mapping is silently mismatched."
PP-AB-03,preprint,Abstract,radiation gradients drive spatial niche partitioning,model_output,,none,not_applicable,false,biofilms.R:104,simulation_output,restate,"Attribute the claim to the CPM, which does have a gradient","The flat-domain run has gamma_intensity <- 0.2, a SCALAR. There is no gradient in the model this sentence describes. The CPM's init_radiation! does implement a real radial gradient and is pinned by tests/deterministic_radiation.jl - let that run carry the claim, and see RM-G09-01 for what actually drives the sorting there."
PP-AB-04,preprint,Abstract,leverages stochastic differential equations,model_output,,none,not_applicable,false,biofilms.R:20-21,simulation_output,restate,Fix the sqrt(dt) scaling or state the defect,See RM-E03-01. The only stochastic integration in the repo is not a convergent SDE scheme.
PP-31-01,preprint,section 3.2 PSDE,the nine-term PSDE governing F_s,proposed_formalism,9,terms,false,false,none,declared,restate,"Label as target formalism, explicitly not implemented","NO FILE INTEGRATES THIS EQUATION. Nothing anywhere defines a field F_s. Typed proposed_formalism rather than model_output: nothing outputs it, and calling it an output implies a result existed to be wrong about. Three of nine terms are dimensionally checkable; six contain a symbol with no declared unit. Delta_s is used and never defined - one of nine terms is uncheckable in principle."
PP-33-01,preprint,section 3.3 Hamiltonian,"m_i is effective species biomass density (.tex: rho_i, cells/um^3 x effective mass analog)",model_input,,cells/um^3 x effective mass analog,false,false,none,declared,needs_calibration,"density_g_cm3 and lattice_pitch_um in data/calibration/voxel_binding.csv, both blank","NOTATION FIX ITEM 4, cosmetically applied in the .tex and substantively open. A biomass NUMBER density gives (1/2)m*v^2 in cells/um/s^2, which is not an energy and cannot be added to U_i or V_ij. The repair is m_i = rho_wet*a^3*V_sites [g], not an energy density: a sum of energy densities is not a quantity. Even then it is uncomputable - rho_wet and a are both blank, and emit_transport_config() refuses on exactly these two blanks. AND THERE IS NO v_i: no velocity or momentum state exists anywhere in the repository."
PP-33-02,preprint,section 3.3,V_ij^mutual = -gamma*exp(-r^2/sigma^2),model_input,,energy (unit unstated),false,true,biofilms_potts.jl:785-801,declared,requalify,Give gamma a unit and a table row,"Typed model_input rather than proposed_formalism because it does have a reader - but only a passive diagnostic one (see RM-KR-10), so it is an input to a statistic and not to the dynamics. Neither R model uses this form: biofilms.R uses F = quad_coeff*||d||*d (unbounded, always attractive); biofilms_3d.R uses F = quad_coeff*d/||d|| (constant magnitude). Three different, mutually inconsistent interaction laws for one advertised potential."
PP-34-01,preprint,section 3.4 Symplectic Integration,Symplectic integrators ... ensuring energy and momentum conservation over extended simulation windows,proposed_formalism,,none,not_applicable,false,none,absent,delete,Nothing - the section is unimplementable as written,"Three independent failures. (a) The stated equations are NOT Hamiltonian: Gamma_s*F_s is a non-canonical term added to both halves, so a symplectic integrator conserves nothing. (b) Gamma_s*F_s appears in both dq/dt and dp/dt, so one of the two is dimensionally wrong under any assignment. (c) git log --all -S over 175 commits finds symplectic and leapfrog in preprint/*.md, preprint/*.tex and README.md ONLY - never in a source file. And the only integrated dynamics in the repo is first-order overdamped, so leapfrog is inapplicable, not merely absent."
PP-35-01,preprint,section 3.5,"I(t,x) = I_gamma * exp(-kappa*x)",model_input,,unstated,false,true,biofilms_potts.jl:305-306,derived,restate,Split into D_gamma [Gy] and Ddot_gamma [Gy/s]; declare kappa dimensionless-per-lattice-span,"THE FORM IS SOUND and matches init_radiation! in shape. Two units problems: I is a DOSE in Table 2 and section 6.4 and must be a DOSE RATE for the PSDE to balance; and the code computes I0*exp(-kappa*r/N), so kappa is per lattice fraction, a different quantity from the R model's kappa. kappa = 2.0 means 'e-folds twice across the full cube'. No attenuation length in cm exists."
PP-36-01,preprint,section 3.6 melanin,Each term carries units of [ug/um^3/s] (.tex assertion),model_output,,ug/um^3/s,false,true,biofilms_potts.jl:698,declared,restate,Collapse alpha_M * n_RF into one volumetric yield Y_M [ug/um^3/Gy] times a dimensionless indicator,"NOTATION FIX ITEM 5, FALSELY CLOSED IN THE .tex. alpha_M [ug/cell/Gy] x n_RF [cells/um^3] x I_gamma [Gy] = ug/um^3, NOT per second. The .tex asserts the answer instead of deriving it, which is WORSE than the .md, where the item was at least flagged as open. Per-parcel alpha_M is dimensionally consistent and permanently unmeasurable, so the repair is the collapsed yield. The implementation confirms the intended third factor is the radiation drive, not the nutrient reaction - a symbol collision (R for reaction vs R for radiation), not a modelling disagreement."
PP-36-02,preprint,section 3.6 melanin,"n_RF, radiotrophic cell density",model_input,,cells/um^3,false,true,biofilms_potts.jl:653-659,declared,needs_calibration,"cpm.lattice_pitch_um, plus a parcels-per-cell count the entity semantics forbid; and rename to radiotropic","rf_density is a 0/1 INDICATOR over MELANIN_PRODUCERS = {CN, CS, AN}. Not a density, and not the same set as RADIOTROPIC = {CN, CS} - the symbol name asserts an identity the code does not hold. The word radiotrophic is also wrong for what the model represents (NEWS-PHEN-01). The laplacian is a 6-point unnormalised stencil with no dx."
PP-310-01,preprint,section 3.10,FENE entropic spring U(r) = -(1/2)kR^2 ln(1-r^2/R^2) and Kelvin-Voigt sigma = E*eps + eta*d(eps)/dt,proposed_formalism,,"N/m, Pa, Pa*s",true,false,none,declared,restate,"Label as a proposed component, not an implemented one","BOTH EQUATIONS ARE CORRECT AS STATED and should survive the rewrite unchanged - the restate is a label change, not a repair. Neither is implemented: k, R, E and eta appear in no source file and no stress or strain variable exists, which is why the type is proposed_formalism and not model_input. Remove the claim of integration from the abstract and section 8, keep the equations. (Section 7.4 calls the same component 'the Maxwell element', which is a different rheological model.)"
PP-T2-01,preprint,Table 2 D_s C. neoformans,"Diffusion coefficient, C. neoformans, 0.01-0.10 um^2/s, passive Brownian, ~5 um yeast [21]",literature_prior,0.01-0.10,um^2/s,true,false,none,derived,requalify,cpm.lattice_pitch_um and cpm.seconds_per_mcs_calibration,"DERIVED, not measured: a Stokes-Einstein estimate from the stated diameter (5 um sphere in water at 293 K gives 0.086 um^2/s, inside the range). [21] Berg is a textbook on the method, not a source for this value. Not used: biofilms.R gives all seven species D = 0.005-0.01, and the CPM declares D_s in CPMParams AND NEVER READS IT."
PP-T2-02,preprint,Table 2 D_s D. radiodurans,"Diffusion coefficient, D. radiodurans, 0.05-0.50 um^2/s, small coccoid ~1.5 um [5]",literature_prior,0.05-0.50,um^2/s,true,false,none,derived,requalify,cpm.lattice_pitch_um and cpm.seconds_per_mcs_calibration,"Stokes-Einstein for 1.5 um gives ~0.29, inside the range. [5] Slade & Radman is an oxidative-stress review and reports no diffusion coefficient."
PP-T2-03,preprint,Table 2 D_s B. subtilis,"Diffusion coefficient, B. subtilis, 0.10-1.00 um^2/s, rod-shaped motile; active motility augments D [22]",literature_prior,0.10-1.00,um^2/s,true,false,none,declared,requalify,cpm.lattice_pitch_um and cpm.seconds_per_mcs_calibration,The active-motility augmentation is NOT Stokes-Einstein and has no stated derivation. [22] Guttenplan is flagellar cell biology and reports no D.
PP-T2-04,preprint,Table 2 D_s C. sphaerospermum,"Diffusion coefficient, C. sphaerospermum, 0.005-0.05 um^2/s, filamentous hyphae [4]",literature_prior,0.005-0.05,um^2/s,true,false,none,declared,requalify,cpm.lattice_pitch_um and cpm.seconds_per_mcs_calibration,"Note also that filamentous morphology is one of three the CPM CANNOT HOLD AT ANY PITCH: compute_delta_H has no surface-area, elongation or connectivity term. Per-organism spatial predictions for CS are MODEL_REVISION_REQUIRED, not blocked."
PP-T2-05,preprint,Table 2 D_s A. niger,"Diffusion coefficient, A. niger, 0.005-0.05 um^2/s, filamentous [3]",literature_prior,0.005-0.05,um^2/s,true,false,none,declared,requalify,cpm.lattice_pitch_um and cpm.seconds_per_mcs_calibration,Same representability limit as PP-T2-04. [3] Dadachova & Casadevall reports no diffusion coefficient.
PP-T2-06,preprint,Table 2 D_s S. oneidensis,"Diffusion coefficient, S. oneidensis, 0.10-0.80 um^2/s, rod-shaped flagellated [16]",literature_prior,0.10-0.80,um^2/s,true,false,none,declared,requalify,cpm.lattice_pitch_um and cpm.seconds_per_mcs_calibration,[16] Heidelberg is a GENOME SEQUENCE ANNOUNCEMENT. It reports no diffusion coefficient. Rod morphology is the third of the three the model cannot hold at any pitch.
PP-T2-07,preprint,Table 2 mu_s C. neoformans,"Motility coefficient, C. neoformans, 0.00-0.05 um/s, non-motile yeast; residual EPS drift [2]",model_input,0.00-0.05,um/s,true,false,none,declared,requalify,cpm.seconds_per_mcs_calibration,"ASSERTED, not measured. A lower bound of 0.00 asserts exactly zero. [2] Dadachova reports growth under radiation, not a drift velocity. Section 6.3 calls this 'effectively zero motility' while biofilms.R:8 gives CN mu = 0.06 and biofilms_3d.R gives 0.09."
PP-T2-08,preprint,Table 2 mu_s D. radiodurans,"Motility coefficient, D. radiodurans, 0.00-0.01 um/s, non-motile coccus [5]",model_input,0.00-0.01,um/s,true,false,none,declared,requalify,cpm.seconds_per_mcs_calibration,"ASSERTED. And directly contradicted by the file that section 6.3 reports: biofilms.R:9 gives DR mu = 0.12, THE HIGHEST OF ALL SEVEN."
PP-T2-09,preprint,Table 2 mu_s B. subtilis,"Motility coefficient, B. subtilis, 15-45 um/s, flagellum-driven, ~25 um/s at 30 C [22]",literature_prior,15-45,um/s,true,false,none,primary_literature,requalify,cpm.seconds_per_mcs_calibration,"THE STRONGEST ROW IN THE TABLE: a real measured swimming speed, and [22] does support ~25 um/s. Still not used - biofilms.R gives all seven mu = 0.05-0.12, three orders of magnitude away and a different quantity (a mobility multiplying a force, not a velocity)."
PP-T2-10,preprint,Table 2 mu_s C. sphaerospermum,"Motility coefficient, C. sphaerospermum, 0.00-0.005 um/s, hyphal tip growth 0.1-5 um/min [4]",model_input,0.00-0.005,um/s,true,false,none,declared,requalify,cpm.seconds_per_mcs_calibration,"The stated basis (tip growth) is a GROWTH rate, not a motility. The CPM has no growth dynamics, so this cannot enter even after a time calibration - unsupported_by_current_model, not blocked."
PP-T2-11,preprint,Table 2 mu_s S. oneidensis,"Motility coefficient, S. oneidensis, 10-40 um/s, polar flagellum, comparable to E. coli [16]",literature_prior,10-40,um/s,true,false,none,declared,requalify,cpm.seconds_per_mcs_calibration,"Plausible as a swimming speed, but [16] is a genome paper and does not report one. Note A. niger and O. intermedium have NO mu_s row at all."
PP-T2-12,preprint,Table 2 beta C. neoformans,"Ionizing rad. sensitivity, C. neoformans, 1e-5 to 1e-4 /Gy, melanized, LD10 ~2-5 kGy [2,3]",literature_prior,1e-5 to 1e-4,1/Gy,true,false,biofilms_potts.jl:75,derived,requalify,"A stated derivation rule, and a separate symbol for the CPM's signed weight","THE DERIVATION DOES NOT FOLLOW THE BASIS. beta = ln10/D10 at 2-5 kGy gives 4.6e-4 to 1.2e-3, i.e. the tabulated range is 5-100x LOW. And the CPM uses -5e-5: A NEGATIVE, DIMENSIONLESS SIGN-INVERTED WEIGHT that Table 2 does not license. The in-source justification 'metabolic energy gain' has been REMOVED (commit 01b0f4d) and replaced by a declared tropism convention: positive drifts down the dose gradient, negative up it, neither damage nor benefit. A damage coefficient from a D10 and a signed spatial preference in a Metropolis test are not the same parameter. Also LD10 should be D10 (see PP-T2-27)."
PP-T2-13,preprint,Table 2 beta D. radiodurans,"Ionizing rad. sensitivity, D. radiodurans, 5e-6 to 5e-5 /Gy, D10 ~12 kGy [5,6]",literature_prior,5e-6 to 5e-5,1/Gy,true,false,biofilms_potts.jl,derived,requalify,A stated derivation rule,"beta = ln10/12 kGy = 1.9e-4, so the range is 4-40x LOW. THE D10 ITSELF IS WELL SUPPORTED by [5,6] and is the strongest radioresistance evidence in the table - which is exactly the evidence being spent on a tropism coefficient (NEWS-PHEN-04). The CPM value is +2.5e-5, described in-source as 'Table 2, midpoint of range' when the midpoint is 2.75e-5."
PP-T2-14,preprint,Table 2 beta B. subtilis,"Ionizing rad. sensitivity, B. subtilis, 1e-3 to 5e-3 /Gy, spore D10 ~1-2 kGy, vegetative ~0.2-0.6 kGy [23]",literature_prior,1e-3 to 5e-3,1/Gy,true,true,biofilms_potts.jl,derived,requalify,Declare which life stage the value refers to,"Vegetative D10 0.2-0.6 kGy gives beta = 3.8e-3 to 1.2e-2, so the range is low. The row quotes TWO life stages and tabulates one number range covering neither cleanly. [23] Nicholson supports the D10 values."
PP-T2-15,preprint,Table 2 beta C. sphaerospermum,"Ionizing rad. sensitivity, C. sphaerospermum, 1e-5 to 1e-4 /Gy, Chernobyl isolate [1,4]",literature_prior,1e-5 to 1e-4,1/Gy,true,false,biofilms_potts.jl:77,derived,requalify,"A stated derivation rule, and a separate symbol for the CPM's signed weight","Same sign inversion as PP-T2-12: the CPM uses -5e-5. THE ENTIRE TROPISM SIGN rests on a value Table 2 does not license, and tests/deterministic_radiation.jl pins that sign as a CONTRACT - which is the correct epistemic split: the sign is an input, the resulting structure is not. Note that the sign's DIRECT effect is one part in 1e5 (PP-T2-29); what the test pins is a contract about direction, not a claim about magnitude."
PP-T2-16,preprint,Table 2 beta A. niger,"Ionizing rad. sensitivity, A. niger, 5e-5 to 5e-4 /Gy, melanized but less resistant [3]",literature_prior,5e-5 to 5e-4,1/Gy,true,false,biofilms_potts.jl,derived,requalify,"A stated derivation rule; and if no D10 can be sourced, ship the row BLANK with status=blocked","No D10 is quoted for this row at all, so there is no basis from which the range could have been derived. Inventing '~1 kGy' or 'assumed comparable to CN' is the exact failure the blank O. intermedium row was designed to prevent - blank means not measured and is never read as zero. CPM uses 2.5e-4 labelled 'midpoint' where the midpoint is 2.75e-4."
PP-T2-17,preprint,Table 2 beta S. oneidensis,"Ionizing rad. sensitivity, S. oneidensis, 5e-2 to 1e-1 /Gy, D10 ~0.07 kGy, extremely radiosensitive [6]",literature_prior,5e-2 to 1e-1,1/Gy,true,true,biofilms_potts.jl,derived,requalify,A stated derivation rule,"beta = ln10/0.07 kGy = 3.3e-2, so this row is 1.5-3x HIGH - and it is the only row that errs high. The ORDERING across species is preserved throughout; the MAGNITUDES are not derived from the stated basis by any single rule, and the discrepancy varies by two orders of magnitude across rows. At beta = 7.5e-2 the CPM acceptance bias is 0.985, the largest direct radiation effect in the model and still an order of magnitude below the melanin term."
PP-T2-18,preprint,Table 2 alpha_M C. neoformans,"Melanin production rate, C. neoformans, 0.05-0.15 ug/cell/Gy, substrate-dependent [2]",model_input,0.05-0.15,ug/cell/Gy,false,false,biofilms_potts.jl:536,declared,needs_calibration,"Re-base as a volumetric yield Y_M per PARCEL-volume, and re-derive the magnitude","PHYSICALLY IMPOSSIBLE AS STATED, by 4-5 decades. A ~5 um CN cell has volume ~65 um^3, dry mass ~20 pg = 2e-5 ug; at a generous 10% of dry mass its ENTIRE melanin content is ~2e-6 ug. This row asserts production of 25000-75000x the cell's total melanin content PER GRAY. [2] reports growth ratios and 14-C acetate uptake, not a per-cell per-gray rate. And 'per cell' is unmappable: parcels are not cells. In the ACCEPTANCE path alpha_M_species is not used at all - a hard-coded 0.5 is (PP-T2-29) - so the unit label is decorative where it matters most; alpha_M does set the melanin field, and only the product alpha_M * 0.5 reaches the dynamics."
PP-T2-19,preprint,Table 2 alpha_M C. sphaerospermum,"Melanin production rate, C. sphaerospermum, 0.08-0.20 ug/cell/Gy, constitutively melanized [1,4]",model_input,0.08-0.20,ug/cell/Gy,false,true,biofilms_potts.jl:85-93,declared,needs_calibration,"Re-base as a volumetric yield Y_M per PARCEL-volume, and re-derive the magnitude","Same 4-5 decade impossibility as PP-T2-18. This is the row that makes CS the top melanin accumulator (alpha_M_species[CS] = 0.14, the largest of three producers) - the input behind RM-G10-01 and RM-KR-09, and, through the untabulated 0.5, the input behind the radial stratification itself."
PP-T2-20,preprint,Table 2 alpha_M A. niger,"Melanin production rate, A. niger, 0.03-0.10 ug/cell/Gy, DHN-melanin pathway [3]",model_input,0.03-0.10,ug/cell/Gy,false,true,biofilms_potts.jl:85-93,declared,needs_calibration,"Re-base as a volumetric yield Y_M per PARCEL-volume, and re-derive the magnitude","Same as PP-T2-18. The DHN pathway attribution is sound biology; the number attached to it is not. Note AN is not in RADIOTROPIC, so its melanin does not enter the acceptance term at all - it produces melanin that nothing in the dynamics reads."
PP-T2-21,preprint,Table 2 K_s C. neoformans,"Carrying capacity, C. neoformans, 1e4-1e6 cells/mm^3, yeast biofilm density [2]",model_input,1e4-1e6,cells/mm^3,false,false,none,declared,needs_calibration,Restate as a parcel-occupancy ceiling or a biomass concentration with a declared basis,"UNUSED: grep for carrying_capacity or K_s over all .R and .jl returns nothing. UNMAPPABLE: cpm_entity_semantics.md forbids comparing parcel counts to colony-forming units, so a capacity in cells per mm^3 has no representable counterpart AT ANY PITCH. [2] reports no biofilm cell density. Keep the literature value separately labelled as a prior ABOUT ORGANISMS, not about the model."
PP-T2-22,preprint,Table 2 K_s D. radiodurans,"Carrying capacity, D. radiodurans, 1e5-1e7 cells/mm^3, dense tetrads [5]",model_input,1e5-1e7,cells/mm^3,false,false,none,declared,needs_calibration,Restate as a parcel-occupancy ceiling,"Unused and unmappable, as PP-T2-21. [5] is an oxidative-stress review and reports no cell density."
PP-T2-23,preprint,Table 2 K_s B. subtilis,"Carrying capacity, B. subtilis, 1e5-1e7 cells/mm^3, dense biofilm with EPS [22]",model_input,1e5-1e7,cells/mm^3,false,false,none,declared,needs_calibration,Restate as a parcel-occupancy ceiling,Unused and unmappable. [22] is flagellar cell biology and reports no biofilm density. Two-decade ranges with no derivation.
PP-T2-24,preprint,Table 2 K_s S. oneidensis,"Carrying capacity, S. oneidensis, 1e5-1e7 cells/mm^3, planktonic and biofilm modes [16]",model_input,1e5-1e7,cells/mm^3,false,false,none,declared,needs_calibration,Restate as a parcel-occupancy ceiling,"Unused and unmappable. [16] is a genome announcement. Note CS, AN and OI have no K_s row."
PP-T2-25,preprint,Table 2 omega_s,"Phase-locking frequency, all species, 0.01-1.0 rad/hr, circadian/ultradian metabolic oscillation [13,14]",model_input,0.01-1.0,rad/hr,true,false,none,declared,delete,"An implemented oscillator, or deletion","The range brackets a circadian period (2pi/24h = 0.26 rad/hr) but no organism here is claimed to be circadian. [13] Kuramoto's monograph and [14] the Acebron review are THEORY SOURCES FOR THE MODEL, not sources for a microbial oscillation frequency. Section 3.7 is unimplemented; no phase variable exists anywhere in the repository."
PP-T2-26,preprint,Table 2 sigma_s,"Noise intensity, all species, 0.001-0.05, unit given as a dash [15]",model_input,0.001-0.05,declared dimensionless,false,false,none,declared,delete,"Deletion, or an implemented noise term whose amplitude this actually sets","THREE INDEPENDENT GROUNDS, which is what moves this from restate to delete. (1) IT IS NOT DIMENSIONLESS: for spatiotemporal white noise with delta(t-t')delta^2(x-x'), [xi] = s^-1/2 um^-1, so [sigma_s] = [F]*s^-1/2*um. (2) NO READER: biofilms.R draws noise with sd = sqrt(2*D), from the diffusion coefficient, so nothing in the repository reads sigma_s. (3) [15] is a chemostat SDE paper and does not license these bounds - and see PP-REF-03, its authors are misattributed. The paper's own notation-fix item 3 asked for the unit and closed it only partly."
PP-T2-27,preprint,Table 2 header,"Biologically justified parameter ranges for the six primary modeled species, derived from published experimental data",literature_prior,6,species,not_applicable,false,none,declared,requalify,Retitle to Parameter Priors and Model Inputs; add a per-row status column,"NO ESTIMATION WAS PERFORMED ANYWHERE IN THIS REPOSITORY. No objective function, no fit, no residual, no data to fit to - data/calibration/*.csv are header-only. The section is titled Parameter Estimation. Also: SIX here against SEVEN in the abstract and TEN in section 6.1. O. intermedium has no row, and the implementation filled the gap by inventing 1e-2 and 0.20, annotated in-source as 'estimated, not in Table 2' - exactly the failure the discipline forbids. Add an OI row with BLANK values and status=blocked. Blank means not measured and is never read as zero. Also standardise LD10 to D10 throughout: the CN row says LD10 while the DR/BS/SO rows say D10, and the two differ by a large factor."
PP-T2-28,preprint,Table 2 whole table,the tabulated precision (two significant figures on every interval endpoint),literature_prior,26,rows,not_applicable,false,none,declared,restate,One significant figure and order-of-magnitude brackets,"Precision exceeds the stated basis in EVERY row. Endpoints like 0.005-0.05 and 15-45 sit on bases that are qualitative morphology statements. 0.00 as a lower bound asserts exactly zero. The table has 26 DATA ROWS, counted directly at .md:157-182 - not 27, a figure that circulated in the briefing packet and matches nothing. Add a 'usable in simulation' column; today every row reads 'no - blocked on cpm.lattice_pitch_um'."
PP-T2-29,repository,"biofilms_potts.jl:568,:571 (untabulated; appears in no table and no config file)",dH_mel = -0.5 * M_local for the RADIOTROPIC species,model_input,0.5,dimensionless,true,true,biofilms_potts.jl compute_delta_H (H_melanin term),declared,needs_calibration,"Tabulate it, then fit it jointly with response.melanin against pigmentation versus exposure","THE MISSING ROW, AND THE MOST CONSEQUENTIAL PARAMETER IN THE MODEL. It supersedes alpha_M_species in the acceptance path: compute_delta_H multiplies M_local by this hard-coded 0.5, never by the per-species alpha_M that Table 2 tabulates. At the shipped I0 = 1.0 and T_cpm = 5.0, dH_rad for a radiotropic species is -5e-5 (acceptance bias 1.000010) while dH_mel at the reported M = 1.44 is -0.72 (bias 1.155) - FOUR ORDERS OF MAGNITUDE larger than every beta_ion row that gets its own line in Table 2. It cannot be fitted alone: only the product alpha_M * 0.5 reaches the dynamics, so this and response.melanin are jointly identifiable at best. Ledgered as cpm.melanin_coupling in data/parameter_provenance.csv with status=blocked and sensitivity_rank=high - one of only five rows there not ranked unknown, and the only one outside the A0 transport sweep, whose four ranked rows all carry sensitivity_domain=transport_numerical. Every biological-response row is still unknown. This one was measured by hand rather than deferred to a sweep."
PP-5-01,preprint,section 5,Simulations were implemented in Julia,repository_fact,,none,not_applicable,false,none,absent,restate,Name the language per program,"Partly false. The [0,1]^2 Langevin results, the 3D bioreactor and the radiodialysis solver are R. Julia exists (biofilms_potts.jl) but is the CPM, which section 5 never mentions."
PP-5-02,preprint,section 5,using DifferentialEquations.jl for numerical integration of the PSDE system,repository_fact,,none,not_applicable,false,none,absent,delete,"Either name an external artefact with a URL/DOI, or replace section 5 entirely","Never in any commit. git log --all -S over 175 commits on all branches returns commits touching ONLY preprint/*.md, preprint/*.tex and README.md. Manifest.toml (971 lines) resolves AMDGPU, HDF5, JACC and their transitive deps only. And no code anywhere integrates the section 3.2 PSDE: the central equation of the paper has no implementation. Typed repository_fact: the claim is about methodology and tooling, and calling it a model_output would imply an output existed to be false about."
PP-5-03,preprint,section 5,The Euler-Maruyama scheme was applied for stochastic integration,repository_fact,,none,not_applicable,false,biofilms.R:20-46,absent,delete,Fix biofilms.R or describe the scheme it actually uses,"A hand-rolled explicit Euler step, and not a convergent EM scheme - see RM-E03-01."
PP-5-04,preprint,section 5,Runge-Kutta (RK4) was used for deterministic validation runs,repository_fact,,none,not_applicable,false,none,absent,delete,Nothing - no RK4 exists,"The only adaptive solver in the repo is deSolve::ode(method='lsoda'), which section 5 does not mention and which solves a different model."
PP-5-05,preprint,section 5,Symplectic leapfrog integration was employed for the Hamiltonian phase-space trajectories,repository_fact,,none,not_applicable,false,none,absent,delete,Nothing - see PP-34-01,"Never in a source file in 175 commits, and inapplicable to first-order overdamped dynamics with no momentum state."
PP-5-06,preprint,section 5,Optimization of species-specific parameters was performed with JuMP.jl and Ipopt,repository_fact,,none,not_applicable,false,none,absent,delete,Nothing - no optimisation of any kind exists,"Never in any commit. Every parameter in every model is a hard-coded literal, and there is no dataset in the repository to optimise against."
PP-5-07,preprint,section 5,Sensitivity analysis employed Sobol indices and Morris screening,repository_fact,,none,not_applicable,false,none,absent,delete,"A sensitivity analysis, which has never been run","Never in any commit. data/parameter_provenance.csv sets sensitivity_rank = unknown for every biological-response row. The five ranked rows are cpm.melanin_coupling (measured by hand, PP-T2-29) and four A0 transport-mesh rows ranked by the resolution sweep under sensitivity_domain=transport_numerical. Neither is a screening method applied to the model's parameters."
PP-5-08,preprint,section 5,"to identify the highest-influence parameters (mu_s, D_s, beta_s,ion, theta_s)",repository_fact,4,parameters,not_applicable,false,none,absent,delete,The analysis that would produce a ranking,A REPORTED RESULT FROM AN ANALYSIS THAT WAS NEVER RUN. theta_s does not appear in any source file at all. And the one influence measurement that HAS been made contradicts the ranking: beta_ion is the least influential term in compute_delta_H by four orders of magnitude (PP-T2-29).
PP-5-09,preprint,section 5,"Visualization used PlotlyJS.jl, Agents.jl for agent-based validation runs, and Plots.jl with GR backend",repository_fact,3,packages,not_applicable,false,none,absent,delete,"Name what was used: R plotly, base R graphics, CairoMakie","None present. The R package plotly is used - different language, different library. An agent-ish model does exist (the hand-written CPM) but it is not Agents.jl and was never run as a validation of the PSDE."
PP-5-10,preprint,section 5,"sliders for gamma radiation intensity, thorium intensity, and heat intensity at 45-step resolution",model_input,45,slider steps,true,true,biofilms_3d.R:342-353,simulation_output,restate,21 positions for the three named sliders,"All three named sliders are min=0, max=1, step=0.05 -> 21 positions. The ~45-step slider is kappa (0.5 to 5.0 by 0.1 -> 46 positions). The number was attached to the wrong control."
PP-5-11,preprint,section 5,initialized with small random perturbations around a central point,model_input,,none,not_applicable,true,biofilms.R:55,simulation_output,restate,"positions <- matrix(runif(num_species*2), ncol=2)","Uniform over the whole unit square, not perturbations about a centre. This matters for RM-KR-08: the seeding distribution IS the null model."
PP-5-12,preprint,section 5,"evolved on a [0,1]^2 domain",model_input,"[0,1]^2",dimensionless,true,true,biofilms.R:45-46,simulation_output,keep,,"Accurate as written, and correctly dimensionless - the honest register the rest of the paper should adopt. No action."
PP-5-13,preprint,section 5,"(silence on the CPM, the JACC port, the radiodialysis solver, coupling/, calibration/ and tests/)",repository_fact,,none,not_applicable,false,none,absent,restate,Replace section 5 with a description of the four programs that exist,"Section 5 omits ALL of the actual computational work while describing software that has never existed in this repository or its history. There is no lost repository: no branch, no submodule, no manifest, no archive, no commit anywhere in 175 commits has ever contained it. THE FIX IS NOT TO HEDGE - either name the external artefact with a URL and say which figures it produced, or replace the section."
PP-61-01,preprint,section 6.1,positive gamma sensitivity coefficients (gamma_s ~ 0.07 and 0.06) enable them to exploit ionizing radiation as a metabolic stimulus,model_input,"0.07, 0.06",dimensionless,false,false,biofilms.R:7-11,declared,delete,"Growth dynamics, which is a MODEL CHANGE; radiation-as-resource is not representable here","FOUR DEFECTS IN ONE CLAUSE. (1) CIRCULARITY: a coefficient typed in, reported as a finding. (2) SIGN INVERSION: the variable is named F_rad_avoidance and is negative in both branches; the file models AVOIDANCE ONLY. (3) MISATTRIBUTION: biofilms.R:11 gives CS 0.05, not 0.06; the value 0.06 is line 7, the rad_aversion of a PLACEHOLDER named 'New Extremophile'. No file pairs 0.07 with 0.06 for CN and CS. (4) PHENOTYPE: 'metabolic stimulus' is radiotrophy, which is structurally absent - there is no growth for radiation to enhance. See NEWS-PHEN-02."
PP-61-02,preprint,section 6.1,under the imposed radiation gradient,model_output,,none,not_applicable,false,biofilms.R:104,simulation_output,delete,"Report the CPM run, which has a real gradient","gamma_intensity <- 0.2 is one constant. High-radiation zone, intermediate-radiation zone and low-radiation periphery all name spatial structure THAT DOES NOT EXIST IN THE RUN. This is worse than circular: avoidance was set, run in a uniform field, and reported as gradient-driven niche partitioning."
PP-61-03,preprint,section 6.1,k-means clustering of species trajectories identifies three distinct spatial niches,model_output,3,clusters,true,false,biofilms.R:86-87,simulation_output,restate,"State k=4, instantaneous positions, unseeded, refit every 10 steps","centers = 4, not 3. It clusters instantaneous POSITIONS, not trajectories. The CPM's k=3 (biofilms_potts.jl:1084) clusters CELLS in a different model."
PP-61-04,preprint,section 6.1,"the marine taxa (Pseudoalteromonas sp., Polaribacter sp., Flavobacterium sp.)",model_input,3,organisms,not_applicable,false,none,absent,delete,Delete all three,"PHANTOM ORGANISMS. Polaribacter and Flavobacterium appear NOWHERE in the repository outside this sentence and its .tex twin. Pseudoalteromonas exists only in biofilms_3d.R - a different model, a different domain, and not the run this section describes. The roster is also wrong by omission: it never mentions O. intermedium, which is in the abstract, in 7.3 and in the authoritative registry. Four species counts in one paper: 7 (abstract), 6 (Table 2), 10 (6.1), 7 (code)."
PP-62-01,preprint,section 6.2,The Th-232 decay model compares actual versus predicted radioactive decay,model_output,,none,not_applicable,false,none,absent,delete,"Measured Th-232 activity data, which does not exist",NO SUCH CODE AND NO SUCH DATA. The only trace of Th-232 in any model is comment text at biofilms.R:104. 'Actual versus predicted' asserts a validation against observations that were never obtained.
PP-62-02,preprint,section 6.2,The 14.05-billion-year half-life produces a quasi-static radiation source on biological timescales,literature_prior,1.405e10,years,true,not_applicable,none,primary_literature,keep,,"CORRECT AND USEFUL, and the one defensible sentence in 6.2. It is also load-bearing: it is the justification for holding the radiation field static after initialisation, which is exactly what init_radiation! does. Moving it to Methods would improve the paper but the claim itself needs no change."
PP-62-03,preprint,section 6.2,"the stochastic perturbation term captures quantum-mechanical uncertainty in individual decay events, manifesting as Poisson-distributed dose-rate fluctuations",model_output,,none,not_applicable,false,biofilms.R:20-21,absent,delete,Nothing,"FABRICATED MECHANISM. The only noise is rnorm(mean=0, sd=sqrt(2*D)) - Gaussian, keyed to D, and ALGEBRAICALLY INDEPENDENT of gamma_intensity. Setting gamma to zero does not change the noise. Nothing Poisson, nothing quantum, nothing radiation-driven."
PP-63-01,preprint,section 6.3,a striking inverse relationship between radiation sensitivity and motility,model_output,-0.588,Pearson r,true,false,biofilms.R:7-13,declared,restate,"State that the figure plots the parameter table, not a simulation output","AN INPUT REPORTED AS A RESULT. Over biofilms.R's seven hand-chosen values r(mu,gamma) = -0.588 (n=7, p ~ 0.16 - not significant, so 'striking' is unearned even taken at face value). Over biofilms_3d.R's roster the same correlation is +0.07. Two files, opposite signs, one claimed relationship. Six of seven species share D = 0.01, so the third axis of the scatter is degenerate."
PP-63-02,preprint,section 6.3,"C. neoformans, at the highest gamma sensitivity (~0.07), exhibits effectively zero motility",model_input,0.07,dimensionless,false,false,biofilms.R:8,declared,delete,Correct the value or delete,"biofilms.R:8 gives CN mu = 0.06; biofilms_3d.R:56-62 gives 0.09, TIED FOR HIGHEST in that roster. Non-zero in both."
PP-63-03,preprint,section 6.3,"D. radiodurans, with the lowest gamma sensitivity, is likewise non-motile",model_input,,dimensionless,false,false,biofilms.R:9,declared,delete,A single defined meaning for gamma sensitivity,"biofilms.R:9 gives DR mu = 0.12, THE HIGHEST OF ALL SEVEN. And 'gamma sensitivity' here means three incommensurable things with opposite orderings: the R files' dimensionless drift coefficient (DR = 0.0), Table 2's beta_s,ion in 1/Gy (DR second-LOWEST), and the CPM's signed beta_ion (DR = +2.5e-5, a down-gradient tropism weight, while CN/CS are negative). ONE NAME, THREE MEANINGS - the single worst terminological defect in the document, and the reason the phenotype vocabulary in NEWS-PHEN-01..03 has to be applied to every use."
PP-63-04,preprint,section 6.3,radiotrophic organisms invest resources in melanin production rather than active locomotion,extrapolation,,none,not_applicable,false,none,absent,delete,"A resource budget, which is a MODEL CHANGE","No code contains a resource budget, an allocation constraint, or any coupling between alpha_M and mu_s. 'Behavioral avoidance' is impossible in biofilms.R: the radiation force is gradient-independent, so no organism can move up or down anything. The word radiotrophic is also unsupported for every species in this repository (NEWS-AUD-05)."
PP-65-01,preprint_tex,section 6.5,The CPM simulation on a 40^3 cylindrical lattice,model_input,40,lattice sites per side,true,true,biofilms_potts.jl:1502,simulation_output,restate,"Reconcile with section 5, which says 60^3","Methods (tex:544) and Results (tex:629) disagree in the same document. The reported radii are only mutually consistent at R = 20, i.e. the 40^3 run. biofilms_potts.jl:53 defaults to N = 60 (R = 30), which would give r/R = 0.44."
PP-65-02,preprint_tex,section 6.5,C. neoformans mean r = 13.1,model_output,13.1,lattice units,true,unverified,biofilms_potts.jl:1957,simulation_output,needs_verification,Multi-seed replicates and the uniform-seeding null,"Lattice units are the honest unit and the .tex uses them - better than the README, which converts nothing but implies physicality elsewhere. Direction is still backwards (see RM-KR-07) and n = 6 parcels at one seed. Report r/R rather than r: the ratio is scale-free and survives a change of N."
PP-65-03,preprint_tex,section 6.5,C. sphaerospermum mean r = 11.5,model_output,11.5,lattice units,true,unverified,biofilms_potts.jl:1957,simulation_output,needs_verification,Multi-seed replicates and the uniform-seeding null,"As PP-65-02. Note CS is reported at r = 11.5, INSIDE B. subtilis's own neighbourhood, which sits badly with the accompanying prose that both radiotropic species are displaced outward."
PP-65-04,preprint_tex,section 6.5,B. subtilis mean r = 9.9,model_output,9.9,lattice units,true,unverified,biofilms_potts.jl:1957,simulation_output,requalify,Report against the uniform-seeding null of r = 10.7 at R = 20; the claim does not survive it,"The lattice-unit twin of RM-KR-08, and requalified for the same reason: parcels are seeded uniformly in a disk of radius R-4 = 16, expected mean r = (2/3)*16 = 10.7, and 9.9 is within one SE of the initial condition. Replicates cannot rescue a point estimate that already sits on the null."
PP-65-05,preprint_tex,section 6.5,"A. niger, positioned at an intermediate radius (mean r = 11.6)",model_output,11.6,lattice units,true,unverified,biofilms_potts.jl:1957,simulation_output,needs_verification,Multi-seed replicates,"As PP-65-02. AN at 11.6 is above CS at 11.5, which the prose describes as 'proportionally lower'. Note AN is not in RADIOTROPIC, so no melanin acceptance term acts on it at all."
PP-65-06,preprint_tex,section 6.5,C. sphaerospermum accumulates the highest melanin (field value 1.44 at MCS 100),model_output,1.44,field value,true,unverified,biofilms_potts.jl take_snapshot,simulation_output,requalify,Attribute the ordering to alpha_M,"THE UNIT IS RIGHT - 'field value', matching the README's '1.44 (field units)'. Requalify only for attribution: the ordering among producers is set by alpha_M_species, an input. See RM-KR-09 and RM-G10-01. This is also the M at which dH_mel reaches -0.72 and dominates the dynamics (PP-T2-29)."
PP-65-07,preprint_tex,section 6.5,This stratification is an emergent consequence of the CPM Metropolis dynamics; it is not imposed as an initial condition,model_output,,none,not_applicable,true,biofilms_potts.jl:141-171,simulation_output,restate,"Split the sign from the structure, and name the melanin pathway rather than beta_ion","The honest split, and the one tests/deterministic_radiation.jl already encodes: GIVEN a per-species radiation coupling of declared sign, spatial stratification of the observed magnitude arises from local Metropolis dynamics with no imposed zoning. THE SIGN IS AN INPUT; THE STRUCTURE IS NOT. What must be corrected is the pathway: at the Table-2 beta values dH_rad shifts acceptance by 1e-5, so the stratification is carried by dH_mel and by the hand-built J matrix. Radiation still reaches the dynamics, through melanin production - which is a more interesting mechanism than the one the sentence implies, not a weaker one."
PP-65-08,preprint_tex,Figure 1 caption,Radiotrophic species migrate toward the outer wall (higher radiation); B. subtilis retreats to the lower-radiation core,model_output,,none,not_applicable,true,biofilms_potts.jl:306,simulation_output,restate,Reverse the direction and say radiotropic,"Same reversal as RM-G08-01. The field is maximal ON THE AXIS. The committed PNGs still carry the old reversed zone labels; export_figures was corrected on 2026-08-14 but the figures were deliberately not regenerated. The word is radiotropic: the model implements a directional preference, never a growth benefit."
PP-66-01,preprint_tex,section 6.6,Over 100 MCS (equivalent to 50 Gy cumulative dose at the membrane),model_output,50,Gy,false,true,biofilms_potts.jl:1624-1628,simulation_output,restate,"cpm.seconds_per_mcs_calibration, and a dose field derived from state.radiation","Same fabrication as RM-KR-01, and here stated as an EQUIVALENCE, which is stronger and worse. The phrase 'at the membrane' implies a spatially resolved dose that does not exist: Ddot_R is one hard-coded scalar in a different struct from state.radiation, and neither reads the other. import_dose_field! exists precisely to make a real link and NO RUN INVOKES IT."
PP-66-02,preprint_tex,section 6.6,membrane integrity decays from m = 1.0 to m = 0.779,model_output,0.779,dimensionless,true,true,biofilms_potts.jl:1360,simulation_output,restate,"Report against MCS, not Gy",As RM-KR-02. The number is honest; the dose label is not.
PP-66-03,preprint_tex,section 6.6,effective permeability increases 2.7-fold from P_0 = 0.01 to P_eff = 0.027 cm/s,model_output,0.01 -> 0.027,cm/s,false,false,none,declared,restate,A measured permeability for the actual membrane,"As RM-KR-03 and RM-KR-04. The ratio is exactly e by construction; the cm/s values are a literature prior multiplied by it. Wherever these are removed, leave the standing line 'Permeability, absolute | - | cm/s | none computed in this work'."
PP-66-04,preprint_tex,section 6.6,the permeability rise follows the radiation-damage law established for Nafion membranes under ionising flux,literature_prior,,none,not_applicable,false,none,primary_literature,requalify,Verify the Nafion source and declare the material,data/sources.csv records SRNL_NAFION117 as NOT VERIFIED against the primary report. And the validity envelope is material-specific: for reference C (silicone) there is NO APPLICABLE DOSE ENVELOPE - Nafion irradiation data establish nothing about a silicone tube. Calling that literature-validated would not be legitimate.
PP-66-05,preprint_tex,section 6.6,"c(R,t) = 0.87 c_ext at final MCS",model_output,0.87,c_ext (dimensionless ratio),true,unverified,biofilms_potts.jl:1474,simulation_output,needs_verification,"Re-run with declared seed, N, Nr, MCS","As RM-H08-01. Dominated by the imposed Robin boundary condition, since rd.c[end] is the node at r=R."
PP-66-06,preprint_tex,section 6.6,the mean interior concentration remains near zero throughout (c_mean = 0.024),model_output,0.024,c_ext (dimensionless ratio),true,true,biofilms_potts.jl:1474,simulation_output,restate,Volume-weight the radial mean,"THE UNIT IS CORRECT - a dimensionless ratio of two quantities in the same units - so dimensionally_honest is true, as for RM-KR-05. The defect is the ESTIMATOR: mean(rd.c) is unweighted over 40 radial nodes including the wall node, which under-weights the outer annuli where c is largest. That is a larger error than a units error and it does not belong in the units column."
PP-66-07,preprint_tex,section 6.6,The contaminant front is consumed within a thin annular shell immediately adjacent to the membrane,model_output,,none,not_applicable,true,biofilms_potts.jl:1445-1446,simulation_output,delete,A radially resolved uptake sink,"NO ANNULAR ZONE EXISTS IN THE MODEL. uptake = k_ads*X_total + k_red*X_red is a SINGLE SCALAR because run_simulation_coupled collapses the radial biomass profile with mean() before it reaches the solver. The sink is spatially uniform; the radial shape of c is a pure diffusion-vs-boundary-source profile, not a biological localisation."
PP-66-08,preprint_tex,section 6.6,k_ads = 0.05 cm^3/g/s,model_input,0.05,cm^3/g/s,false,true,biofilms_potts.jl:1241,declared,needs_calibration,A biomass concentration with a declared basis (material gate: RADIODIALYSIS BLOCKED),"THE UNIT IS INCONSISTENT WITH THE BASIS SUPPLIED. X_total is a site-occupancy FRACTION placed in a g/cm^3 slot, so k_ads*X is not 1/s and the rate is wrong by an unstated rho. material_basis_contract.md: fed an occupancy fraction, the uptake rate is wrong by whatever rho happens to be, and nothing anywhere reports a problem. The fix is basis TAGGING, not bounds: 0.05 g/cm^3 and 0.05 occupancy are both plausible numbers and no bound distinguishes them. Only the label does."
PP-66-09,preprint_tex,section 6.6,"k_red = 0.02 cm^3/g/s, bioreduction by the S. oneidensis population",model_input,0.02,cm^3/g/s,false,true,biofilms_potts.jl:1241,declared,needs_calibration,A reducer-fraction basis (material gate: RADIODIALYSIS BLOCKED),"Same basis error as PP-66-08, plus one of its own: X_red counts SO sites over ALL INTERIOR SITES, so it is neither a biomass fraction nor a fraction of active reducers. response.metal_reduction is blocked upstream by this units error."
PP-66-10,preprint_tex,section 6.6,The slowly growing sorbed phase s_mean confirms progressive immobilisation,model_output,,none,not_applicable,true,biofilms_potts.jl radiolysis block,simulation_output,restate,Replace 'confirms' with 'by construction',ds/dt = uptake*c - (k_des+k_loss)*s is a linear compartment. It rises whenever c > 0; NOTHING COULD MAKE IT NOT RISE. 'Confirms' attributes evidential weight to a tautology.
PP-66-11,preprint_tex,section 6.6,"S. oneidensis naturally stratifies to the outer wall (mean r = 12.9) without engineered positioning, precisely at the contaminant entry zone",model_output,12.9,lattice units,true,unverified,biofilms_potts.jl:1446,simulation_output,delete,"A radially resolved sink, so that position could matter at all","The radius may well be what the run produced, but the INFERENCE is void: X_red is a scalar mean, so WHERE SO SITS CANNOT CHANGE WHERE SORPTION HAPPENS. The co-localisation is not an emergent property of a coupled system; the coupling that would make it meaningful does not exist."
PP-66-12,preprint_tex,section 6.6 heading,Radiodialysis: Self-Regulating Contaminant Uptake Under Radiation Damage,design_principle,,none,not_applicable,false,none,absent,delete,THE RETAINED STOP CONDITION,"Same as RM-CF-01. m and P_eff are independent open-loop functions of time. Under the stop condition, no OpenMC dose enters the radiodialysis model until the constitutive choice is explicitly selected - because running coupled dynamics would mean cells responding to an OpenMC field while membrane integrity responds to the hard-coded Ddot_R = 1.0 Gy/s: two incompatible radiation models in one simulation."
PP-71-01,preprint,section 7.1,"Our Hamiltonian H(p,q) explicitly conserves total system energy ... symplectic leapfrog does not introduce artificial energy drift",model_output,,none,not_applicable,false,none,absent,delete,Nothing - see PP-34-01,"The CPM is Metropolis Monte Carlo at T_cpm = 5.0: it DISSIPATES an energy functional toward a minimum, it does not conserve one. The R models are first-order explicit Euler on overdamped drift-plus-noise, which has no conserved energy either. Note also that the 'interaction term' this sentence names is exactly the one that does not act."
PP-71-02,preprint,section 7.1,The stochastic Langevin layer ... preserving the underlying Hamiltonian structure through the fluctuation-dissipation theorem,model_output,,none,not_applicable,false,biofilms.R:7-21,absent,delete,Nothing - the claim is checkable and false,"FDT requires mobility and noise amplitude linked by ONE temperature. mu_s and sqrt(2*D_s) are hand-set INDEPENDENTLY PER SPECIES (DR: mu=0.12, D=0.01; CN: mu=0.06, D=0.01), so the Einstein relation would demand seven different temperatures in one simulation."
PP-72-01,preprint,section 7.2,an underappreciated distinction between radiotrophy and radioresistance,design_principle,,none,not_applicable,not_applicable,none,primary_literature,keep,,"THE BEST PASSAGE IN THE DOCUMENT, and the seed of the retitle. It is the one place the distinction is drawn correctly and mechanistically (melanin electron transfer vs Mn2+ proteome shielding). It needs no fix - it needs PROMOTING to a defined glossary that the rest of the document is edited toward: radiotrophic (enhanced growth attributable to absorbed dose), radioresistant (survival at doses lethal to reference organisms, no growth benefit), radiotropic (directional redistribution along a dose gradient), melanized-radioprotective (melanin reduces damage, no energy transduction claimed). integration_contract.md now carries the same five-way table and states which one this model implements."
PP-72-02,preprint,section 7.2,C. neoformans increases its fitness monotonically with radiation intensity up to a species-specific threshold,model_output,,none,not_applicable,false,biofilms_potts.jl:75,declared,delete,"A fitness variable and growth dynamics, which are a MODEL CHANGE","A restatement of beta_ion = -5e-5. 'Emerges' is the wrong verb for a sign the author typed, and 'fitness' names a variable no model computes. Radiotrophy is structurally absent (NEWS-PHEN-02) and unevidenced for this species (NEWS-AUD-05), so this fails on representability AND on evidence."
PP-72-03,preprint,section 7.2,The model thus correctly predicts that C. neoformans outcompetes D. radiodurans in moderately irradiated environments,model_output,,none,not_applicable,false,none,absent,delete,Growth dynamics and a dose axis,"There is no competition outcome to read: no division, no growth, no abundance, no dose axis. 'Correctly predicts' claims validation against a comparison that was never run."
PP-73-01,preprint,section 7.3,S. oneidensis extreme radiosensitivity (D10 ~0.07 kGy),literature_prior,0.07,kGy,true,not_applicable,none,primary_literature,restate,"Cite the D10 source directly rather than via [6], and separate it from beta_ion[SO]","The D10 value itself is supported and the statement about the organism is sound - restate rather than keep only because the citation is indirect and the number must be visibly separated from the model's dimensionless beta_ion[SO] = +7.5e-2, which is a tropism weight and not a survival coefficient. This is the radioresistance/radiotropism substitution in miniature (NEWS-PHEN-04)."
PP-73-02,preprint,section 7.3,O. intermedium AM7 establishes a protective biofilm matrix that attenuates local dose rates sufficiently to permit S. oneidensis colonization,extrapolation,,none,not_applicable,false,biofilms_potts.jl init_radiation!,absent,delete,"Self-shielding, which is a MODEL CHANGE","THE MOST CONSEQUENTIAL SINGLE DEFECT IN SECTION 7. SELF-SHIELDING IS NOT MODELLED ANYWHERE. The CPM radiation field is written once by init_radiation! and is static thereafter; biomass never attenuates it. Nothing in the repository lets one organism lower another's dose. kappa in biofilms_3d.R is a fixed slider, not a function of occupancy. Also [18] Shukla is an EPS-thorium CHEMISTRY result and makes no dose-attenuation claim. And O. intermedium AM7 has a total public footprint of 1086 base pairs and one paywalled abstract, having never been irradiated in any public experiment (NEWS-AUD-04)."
PP-73-03,preprint,section 7.3,This spatial partitioning - emergent from the Langevin dynamics rather than imposed as a boundary condition,model_output,,none,not_applicable,false,none,absent,delete,"Delete, or re-attribute to the CPM","The SO/OI pairing was never run under Langevin dynamics in any file: biofilms.R has no OI (its seventh slot is 'New Extremophile') and biofilms_3d.R has no OI (its seventh slot is Pseudoalteromonas). OI exists ONLY in the CPM, where beta_ion[OI] = 1e-2 is annotated in source as 'estimated, not in Table 2' - an invented number that must be carried as such."
PP-73-04,preprint,section 7.3,"S. oneidensis, with its capacity for extracellular electron transfer to metal oxides [16,17]",literature_prior,,none,not_applicable,not_applicable,none,primary_literature,restate,Cite an Mtr / c-type cytochrome primary source,MIS-CITATION. [16] is a GENOME SEQUENCE ANNOUNCEMENT; [17] Veeramani is explicitly about ABIOTIC U(VI) reduction by biogenic magnetite and vivianite. Neither demonstrates EET by S. oneidensis. The underlying biology is real; the citations do not support it.
PP-73-05,preprint,section 7.3,a mixed-species field consortium for a Th-contaminated environment,extrapolation,,none,not_applicable,false,none,absent,requalify,Exact strain IDs -> institutional review -> containment decision -> approved procedures,"Retyped from design_principle: no design computation stands behind it, so it is an extrapolation to a deployed system, and design_principle is reserved for stated intent the rewrite keeps. BIOSAFETY OMISSION. BIOSAFETY FOLLOWS STRAINS, NOT SPECIES: several components are commonly BSL-1 while C. neoformans strains are commonly BSL-2, and collection material under one species name can carry different assigned levels, so a species list cannot determine a facility class. The preprint names zero strain IDs, no institutional approval, no containment facility and no risk assessment - the four fields the calibration gate now BLOCKS on. Nothing in 7.3 or 8 may imply a field-deployable system."
PP-74-01,preprint,section 7.4,"Species with higher EPS production rates (O. intermedium AM7, B. subtilis) generate mechanically stiffer local environments that resist radiation-induced structural degradation, creating protected microniches",extrapolation,,none,not_applicable,false,none,absent,delete,"FENE and Kelvin-Voigt implementations, plus an EPS production parameter","A BIOLOGICAL INFERENCE FROM A MODEL THAT WAS NEVER BUILT. Zero repo-wide occurrences of FENE, Kelvin, Voigt, Maxwell or viscoelastic in any .R, .jl or .py. No EPS production rate parameter for any species, no stiffness field, no mechanical coupling to radiation, no microniche observable. The section also calls the component 'the Maxwell element' when 3.10 defines Kelvin-Voigt."
PP-75-01,preprint,section 7.5,The radiation field is treated as spatially homogeneous with exponential attenuation,model_input,,none,false,true,"biofilms.R:104, biofilms_potts.jl:306",simulation_output,restate,State the truth per model,"SELF-CONTRADICTORY as written. Per model: biofilms.R uniform scalar with NO attenuation at all; biofilms_3d.R and the CPM radial Beer-Lambert, static after init, dimensionless."
PP-75-02,preprint,section 7.5,"the four listed limitations (3D dose complexity, sinusoidal UV, no HGT, need for measured dose maps)",design_principle,4,limitations,not_applicable,not_applicable,none,declared,restate,Extend with the 2026 limitations; the four existing ones stay verbatim,"HONEST AND CORRECTLY STATED, and the four items need no repair - restate rather than keep only because the list is now incomplete, which is a different failure from being wrong. ADD what the April draft could not know: no spatial pitch; no time contract (two independent clocks, and the CPM's physical-time field ships NaN and REFUSES to run dose accrual rather than default); no material basis; one CPM ID is a computational biomass parcel; the domain is declared microvolume because L = 2R is forced; three of seven species have morphologies the model cannot hold AT ANY PITCH; and neither radiotrophy nor radioresistance is representable in a model with no birth and no death."
PP-75-03,preprint,section 7.5,Future work should couple the fitness model to experimentally measured dose-rate maps,design_principle,,none,not_applicable,false,coupling/,declared,restate,"Update to record coupling/ WITH its qualifier, and no numbers","Now partly addressed, and THE STATUS MUST TRAVEL WITH IT. Say what was demonstrated - a Monte-Carlo photon-transport coupling has been built, it is a FEASIBILITY BENCHMARK and not a physical calibration, and it reports its own sparsity (75% of occupied bins unscored at the 10 um demo tally pitch) - not what it would mean if calibrated. Either quote no numbers here at all or quote them with the qualifier attached every time; the 10 um feasibility mesh must never silently become the biological pitch."
PP-8-01,preprint,section 8,species niche partitioning under radiation gradients emerges naturally from the phase-locked Hamiltonian dynamics,model_output,,none,not_applicable,false,none,absent,delete,Replace with the CPM statement from PP-65-07,"THREE FAILURES IN ONE SENTENCE: phase-locked is not implemented; the CPM is dissipative Metropolis MC, not Hamiltonian flow; and the sign that produces the partitioning is an input."
PP-8-02,preprint,section 8,conserves total system energy through symplectic integration,model_output,,none,not_applicable,false,none,absent,delete,Nothing - see PP-34-01 and PP-71-01,
PP-8-03,preprint,section 8,These predictions are consistent with known radiobiology,model_output,,none,not_applicable,false,biofilms_potts.jl:74-104,declared,restate,State that the agreement is by construction,"The consistency is by construction: known radiobiology was the SOURCE of beta_ion. Honest phrasing: the parameterisation was drawn from published radiobiology, so agreement with that literature is not independent evidence. Sharper still after the phenotype fold - what was drawn on was RADIORESISTANCE data, and what it was spent on was a TROPISM coefficient (NEWS-PHEN-04)."
PP-8-04,preprint,section 8,suggest design principles for engineered biofilm consortia targeting nuclear bioremediation,design_principle,,none,not_applicable,false,none,absent,restate,Drop the deployment register; see PP-73-05 on biosafety,Nothing has been predicted and checked against anything. The correct register is exploratory framework / theoretical formalism.
PP-8-05,preprint,section 8,radiotrophic fungi ... radioresistant bacteria ... radiosensitive metal-reducing species,design_principle,3,categories,not_applicable,not_applicable,none,primary_literature,keep,,"THE VOCABULARY IS USED CORRECTLY HERE, as a description of ORGANISMS from the literature - which is why it stays even though the model represents none of the three. It is the target the rest of the document should be edited toward. Same for section 6.1's phrase 'species that tolerate radiation without deriving direct metabolic benefit', the correct definition of radioresistance, already in the author's own words. Note separately that 'radiotrophic fungi' as an established category is contested (NEWS-AUD-05); that is a claim about the literature, not about this sentence's internal consistency."
PP-REF-01,preprint,References [11],"Sonner, Efendiev, Eberl (2015), MMAS 38(3), 3037-3042, doi 10.1002/mma.3237",literature_prior,,none,not_applicable,not_applicable,none,absent,delete,"Cite Rahman, Sudarsan & Eberl, Bull. Math. Biol. 77:2086-2124 (2015), 10.1007/s11538-015-0117-1","WRONG DOI, WRONG BIBLIOGRAPHIC DATA, WRONG PAPER FOR THE CLAIM. The DOI resolves to a 3D MHD regularity paper by Bie, Wang & Yao. The real Sonner quorum-sensing paper is MMAS 34 (2011), 1667-1684. And section 2.2 cites [11] for a cross-diffusion volume-filling result that is a different paper by different authors."
PP-REF-02,preprint,References [12],"Diele, Marangi, Ragni (2015), Math. Comput. Simul. 110, 40-52, doi 10.1016/j.matcom.2014.02.006",literature_prior,,none,not_applicable,not_applicable,none,absent,delete,"Cite Diele & Marangi, Mathematics 8(1):25, 10.3390/math8010025","EVERY FIELD WRONG. The DOI resolves to a neural-network quadratic-programming paper by Yang, Cao & Xu. Different authors, journal, year, volume and pages."
PP-REF-03,preprint,References [15],"Campillo, Joannides, Larramendy-Valverde (2017), Chem. Eng. Sci. 175, 424-440",literature_prior,,none,not_applicable,not_applicable,none,absent,restate,"Correct to Voulgarelis, Velayudhan & Smith, 2018, pages 424-444","WRONG AUTHORS. The DOI and title are correct; the three named authors did not write it. NOTE THE PATTERN: the three worst reference defects ([11], [12], [15]) are all METHODOLOGICAL citations - symplectic integration, cross-diffusion well-posedness, stochastic chemostat analysis. Every biology and bioremediation citation checked clean. The bibliography is weakest exactly where section 5 and 7.1 claim methods that were never implemented."
PP-REF-04,preprint,References [26],"Malo et al. (2018), Fungal Biology 122(6), 449-456, doi 10.1016/j.funbio.2017.08.012",literature_prior,,none,not_applicable,not_applicable,none,primary_literature,restate,Correct the DOI to 10.1016/j.funbio.2017.08.010 and restore the full title,"BROKEN DOI (404) AND A LOAD-BEARING TRUNCATION. The full title ends 'demonstrate protective effect of melanin' - the truncation removes exactly the words identifying this as RADIOPROTECTION evidence rather than radiotrophy evidence, which is the distinction the retitle turns on."
PP-REF-05,preprint,References [4],"Shunk, Gomez, Kern, Averesch (2022), Front. Microbiol. 13, 877625",literature_prior,,none,not_applicable,not_applicable,none,primary_literature,restate,"Correct the author order to Averesch, Shunk, Kern","DOI and venue verify. The Shunk-first ordering is the bioRxiv preprint's, not the published paper's."
PP-REF-06,preprint,References [32] [20] [35],Eberl et al. dated 2001; truncated titles for [20] and [35],literature_prior,,none,not_applicable,not_applicable,none,primary_literature,restate,Crossref dates [32] to 2000; restore both full titles,Minor. Volume/issue/pages for [32] are correct.
PP-REF-07,preprint_tex,References block,begin{thebibliography}{38} with 44 bibitems,repository_fact,38,declared entries,not_applicable,not_applicable,none,absent,restate,Correct the argument to 44,"A leftover from the .md, which has 38. The six .tex-only references (graner1992, fox2009, lara2023, renslow2017, aydogan2022, soetaert2010) are the ones supporting the CPM and radiodialysis material."
PP-CIT-01,repository,Citations.md,the definitive citation for Biofilm.jl,literature_prior,8,entries,not_applicable,false,none,absent,restate,"Delete the Biofilm.jl entry and the 'definitive citation' framing, fix the 'Sysmtems' typo, and head the file with a pointer to data/sources.csv","THE FILE CLAIMS AUTHORITY IT DOES NOT HAVE; ITS CONTENT IS NOT THE PROBLEM. Deleting it would lose eight literature entries for no gain. Biofilm.jl appears nowhere in the repository and is not in Project.toml, so that one entry goes. None of the sources the calibration and coupling work actually depends on appear: LNE-LNHB Cs-137 evaluated decay data, NIST/ICRU water composition, OpenMC 0.15.3, ENDF/B-VIII.0, the SRNL Nafion-117 study, PDMS stoichiometry, BiofilmQ, or the screened deposits. data/sources.csv is the registry of record and pins each document by document_version, accessed_date and sha256 - including two rows that record honest failure (SYRON_CASEY_MABR: NOT LOCATED; SRNL_NAFION117: NOT VERIFIED)."
PP-FIG-01,preprint_tex,sections 6.1-6.4,"Figure 1, Figure 2, Figure 3, Figure 4 as hard-coded numerals",model_output,4,figures,not_applicable,false,none,absent,delete,Delete or replace the references; the source files do not exist,"FIGURE-NUMBER COLLISION. Sections 6.1-6.4 refer to four figures that exist as no files - the Langevin clustering plot, the Th-232 decay curve, the 3D motility scatter, the kNN tree. The only four figure environments in the document are the CPM and radiodialysis figures, which take numbers 1-4. IN THE COMPILED PDF, 'Figure 1' in section 6.1 RESOLVES TO THE CPM RADIAL-STRATIFICATION PLOT. Four phantom figures silently aliased onto four real, unrelated ones. Regenerating them is not possible - only deleting or replacing the references."
PP-FIG-02,preprint,preprint/figures/ and the committed PDF,the four committed figures as the figures in the PDF,repository_fact,8,files,not_applicable,true,biofilms_potts.jl:1994-2118,simulation_output,needs_verification,"Rebuild in CI on change to preprint/**, or remove the PDF from HEAD","THE COMMITTED PDF IS ONE FIGURE REVISION BEHIND THE FILES NEXT TO IT: commit e24dbec regenerated all 8 figure files and did not rebuild the PDF. The .tex is byte-identical to its state at the build commit, so a rebuild today would produce a different document BEFORE A SINGLE WORD IS REVISED. And no TeX engine is installed on this machine, so the 'leave it with a version note' option is unavailable in practice - adding a note requires rebuilding. A README caveat does not travel with a PDF served at a direct URL, which is precisely the rule this ledger exists to enforce."
PP-NOT-01,preprint,"Notation Fixes Required Before Submission, .md only","the closing defect list, 7 items",design_principle,7,items,not_applicable,not_applicable,none,declared,restate,Carry the two surviving items into the .tex as a visible open-defects subsection,"5 of 7 are genuinely resolved in the .tex; item 7 is resolved in both. ITEMS 4 (effective mass) AND 5 (melanin dimensional consistency) ARE OPEN AND NO LONGER FLAGGED ANYWHERE A READER CAN SEE THEM - see PP-33-01 and PP-36-01. This list is the one thing the .md does better than the .tex, and it must not be lost in the merge; restate rather than keep because carrying it forward is a required action. A submitted preprint that ends with a list of defects it has not fixed publishes those defects as unfixed; a preprint that quietly drops the list publishes them as fixed."
NEWS-TITLE-01,repository,"work title, all documents",Modeling Radiotrophic Fitness,design_principle,,none,not_applicable,not_applicable,none,declared,restate,"Retitle to 'Modeling Radioresistance and Radiotropic Fitness' throughout, including the preprint filename","THE TITLE NAMES A PHENOTYPE THE MODEL DOES NOT REPRESENT AND THE LITERATURE DOES NOT ESTABLISH FOR THESE SPECIES. The new title is accurate on both halves: RADIORESISTANCE is what the published D10 evidence supports and what the per-species parameter magnitudes are anchored to; RADIOTROPIC FITNESS is what compute_delta_H implements, a directional preference along a dose gradient. Radiotrophy is neither evidenced (NEWS-AUD-05) nor representable (NEWS-PHEN-02). The file preprint/modeling_radiotrophic_fitness.{md,tex} still carries the old name."
NEWS-PHEN-01,repository,docs/calibration/integration_contract.md 'Which radiation phenotype this model actually represents',the CPM radiation term represents RADIOTROPISM - directional redistribution along a dose gradient,model_input,,none,not_applicable,true,biofilms_potts.jl compute_delta_H (H_radiation term),declared,keep,,"THE CORRECTED READING OF A TERM THAT WAS ALREADY IN THE CODE. compute_delta_H adds beta_ion[s]*I_gamma when a parcel GAINS a site, so a negative beta lowers the Hamiltonian in high-dose sites and the parcel drifts UP the gradient; a positive beta drifts it down. That is a TROPISM and nothing else. The former in-source justification 'we use negative effective beta to represent metabolic energy gain' conflated a Metropolis acceptance functional in ARBITRARY UNITS with an energy budget, and has been removed (commit 01b0f4d). Kept, not restated: the statement as it now stands in the contract is correct and requires no further action."
NEWS-PHEN-02,repository,docs/calibration/integration_contract.md phenotype table,radiotrophic (radiation measurably ENHANCES growth or metabolism) is NOT represented,repository_fact,,none,not_applicable,true,biofilms_potts.jl (divide_cell! called from nowhere),declared,keep,,"STRUCTURALLY ABSENT, NOT WEAKLY SUPPORTED. There is no growth in the model: divide_cell! is called from nowhere, no biomass is created, and no fitness variable is computed anywhere. A model with no birth cannot express a growth enhancement, and NO QUANTITY OF DATA CHANGES THAT WITHOUT A MODEL REVISION. This is unsupported_by_current_model, the same class as response.growth_survival - not blocked. blocked awaits a measurement; unsupported awaits a model change."
NEWS-PHEN-03,repository,docs/calibration/integration_contract.md phenotype table,radioresistant (elevated SURVIVAL after exposure) is NOT represented,repository_fact,,none,not_applicable,true,biofilms_potts.jl (only death path is volume <= 0),declared,keep,,"STRUCTURALLY ABSENT for the mirror-image reason to NEWS-PHEN-02: there is no death. The only death path is volume <= 0 while lambda_V = 10 drives every parcel toward V_target = 120, so no parcel dies and survival has no representation. This is the sharpest instance of the discipline in the whole repository: the evidence for radioresistance is EXCELLENT (D10 for D. radiodurans ~12 kGy, for S. oneidensis ~0.07 kGy, both well sourced) and the model still cannot express it. Good data plus no representation is unsupported_by_current_model, not a calibration opportunity."
NEWS-PHEN-04,repository,docs/calibration/integration_contract.md,the published D10 radioresistance evidence anchors the per-species beta_ion magnitudes,model_input,,none,not_applicable,true,biofilms_potts.jl:74-104,derived,requalify,"Declare the substitution wherever beta_ion is tabulated, and give the tropism weight its own symbol","RADIORESISTANCE EVIDENCE SPENT ON A TROPISM COEFFICIENT. The D10 literature is strong and it is the only quantitative anchor the beta_ion column has - but a survival coefficient in 1/Gy and a signed dimensionless spatial preference in a Metropolis test are different quantities, and one cannot calibrate the other. The substitution is LEGITIMATE ONLY AS A DECLARED MODELLING CHOICE, and it is now declared in the contract rather than left implicit in a sign convention. This is why the retitle keeps both words: the evidence is radioresistance, the mechanism is radiotropism."
NEWS-PHEN-05,repository,"biofilms_potts.jl:49, biofilms_3d.R species flag","const RADIOTROPHIC = Set([CN, CS])",repository_fact,,none,not_applicable,true,biofilms_potts.jl:49,declared,keep,,"RENAMED TO RADIOTROPIC (commit 01b0f4d), and the R model's species flag with it. The set membership is unchanged: {C. neoformans, C. sphaerospermum}. Kept because the rename is done and correct; recorded because the old identifier appears in figures, docs and any downstream script written before 2026-08-15, and because a set named radiotrophic asserted a phenotype claim in an identifier where no reader would look for one. Note the set is NOT the same as MELANIN_PRODUCERS = {CN, CS, AN}, which is what n_RF actually indexes - see PP-36-02."
NEWS-MEL-01,repository,docs/calibration/integration_contract.md acceptance-bias table,"at I0 = 1.0 and T_cpm = 5.0 the Metropolis acceptance biases are 1.000010 (dH_rad, beta = -5e-5), 0.985 (dH_rad, beta = 7.5e-2) and 1.155 (dH_mel at M = 1.44)",model_output,"1.000010, 0.985, 1.155",dimensionless acceptance ratio,true,true,biofilms_potts.jl compute_delta_H,simulation_output,keep,,"ARITHMETIC AGAINST THE SHIPPED CONSTANTS, verified: exp(5e-5/5) = 1.000010, exp(-7.5e-2/5) = 0.985, exp(0.72/5) = 1.155. Dimensionless in, dimensionless out, and reported as a ratio - the register the whole document should use. These three numbers are the evidence for NEWS-MEL-02 and they need no calibration to be true: they are properties of the code as it ships, not predictions about an organism."
NEWS-MEL-02,repository,"docs/calibration/integration_contract.md, data/parameter_provenance.csv cpm.melanin_coupling","the model's tropism is MELANIN-MEDIATED: radiation -> production (alpha_M, tabulated) -> M -> dH_mel (0.5, untabulated) -> tropism",model_output,,none,not_applicable,true,biofilms_potts.jl compute_delta_H,simulation_output,keep,,"THE CORRECTED HEADLINE FINDING, AND IT IS STRONGER THAN THE ONE IT REPLACES. An earlier draft concluded that radiation does not reach the dynamics. IT DOES - through melanin: melanin_drive is copied from the radiation field, so the radiation field sets melanin production, and melanin production drives the acceptance term that dominates by four orders of magnitude. What is false is the tabulated pathway, not the phenomenon. Two consequences worth stating in the paper: a sensitivity analysis over beta_ion would report the radiation response as negligible and be RIGHT ABOUT THE COEFFICIENT WHILE WRONG ABOUT THE MECHANISM; and a parameter that decides the headline result must not live only at its call site."
NEWS-MEL-03,repository,data/parameter_provenance.csv cpm.melanin_coupling,"cpm.melanin_coupling and response.melanin are jointly identifiable at best, never separately",design_principle,,none,not_applicable,true,biofilms_potts.jl compute_delta_H,derived,keep,,"STRUCTURAL, NOT A DATA PROBLEM. Only the PRODUCT alpha_M * k reaches the dynamics, so no experiment that observes only the trajectory can separate the two factors. Any future fit must either fix one by independent measurement (pigmentation versus exposure, which is what response.melanin would supply) or report the product and say so. Recording this now prevents a later fit from reporting a precise value for either factor alone."
NEWS-AUD-01,repository,docs/research/radiotrophic_compatibility_audit.md section 12,exact radiotrophic data: TARGETED_LAB_EXPERIMENT_REQUIRED,repository_fact,,none,not_applicable,not_applicable,none,primary_literature,keep,,"Verdict of a seven-track retrieval audit, each track independently re-verified; the verification pass governs and disagreements are recorded rather than resolved. Radiotrophy is claimed for two of the seven species and the claim rests on ONE 2007 paper whose exposure was a 188Re beta field characterised BY ANALOGY rather than by a stated dosimeter, whose growth effects are single-digit percentages, and whose integrated cell dose is not stated. Against it: a same-species report of no substantial melanin protection under gamma, a same-species negative melanin-pathway result at 1 and 3 kGy, a same-genus null under a TLD-anchored 137Cs field, an isogenic null in A. niger across three modalities, and a formal energy-budget critique. No public dataset closes this; only a targeted experiment does."
NEWS-AUD-02,repository,docs/research/radiotrophic_compatibility_audit.md section 12,CPM calibration: PUBLIC_DATA_CAN_VALIDATE_PIPELINE_ONLY,repository_fact,,none,not_applicable,not_applicable,none,primary_literature,keep,,"Public exact-species volumetric imaging exists for exactly ONE of the seven: B. subtilis, four open licensed deposits, two of them volumetric. That is a real gain over the V. cholerae surrogate and it validates the field harness, the occupancy mapping and the pitch machinery on a modelled species - it does not calibrate the target. A parcel remains an isotropic biomass unit with no elongation or connectivity term, and growth_survival remains unsupported_by_current_model against genuinely excellent survival data."
NEWS-AUD-03,repository,docs/research/radiotrophic_compatibility_audit.md section 12,materialization: TARGET_WET_BULK_MEASUREMENT_REQUIRED,repository_fact,,none,not_applicable,not_applicable,none,primary_literature,keep,,"NO PUBLIC SOURCE LOCATED PAIRS a wet mass, a dry mass and matched blanks with a calibrated hydrated volume, for ANY organism, under ONE growth condition. Without a hydrated volume there is no rho_wet, no X_total and no voxel binding, whatever the composition. The near-misses fail differently and instructively (an A. niger clinostat study weighing aluminium plus filter, biomass concentrations imported from prior literature into a modelling paper, genome-scale biomass objective functions). density_g_cm3 STAYS BLANK, and blank means not measured."
NEWS-AUD-04,repository,docs/research/radiotrophic_compatibility_audit.md section 12,integrated: PUBLIC_COMPONENTS_FOUND_BUT_NOT_PAIRED,repository_fact,,none,not_applicable,not_applicable,none,primary_literature,keep,,"The components exist separately and NONE IS PAIRED WITH ANOTHER. Exact-species radiation response for four of seven (CN, CS, AN, SO), with real dosimetry in three. Exact-species 3D morphology for one (BS) - and for none of the four with radiation data. Exact-species composition for one (AN, cell-wall basis, no radiation, no morphology, submerged shake-flask mycelium rather than biofilm). Two of seven (DR, BS) have NO ionizing-radiation record in this audit at all. O. intermedium AM7 has a total public footprint of 1086 base pairs and one paywalled abstract and has never been irradiated in any public experiment. clears_target_gate can never be true for a single-species dataset however good its data."
NEWS-AUD-05,repository,docs/research/radiotrophic_compatibility_audit.md,RADIOTROPHY IS NOT ESTABLISHED FOR ANY OF THE SEVEN SPECIES; RADIORESISTANCE IS WELL EVIDENCED,repository_fact,,none,not_applicable,not_applicable,none,primary_literature,keep,,"THE FINDING THAT DRIVES THE RETITLE, and it cuts both ways, which is why it is a keep and not a demolition. Radiotrophy: contested for CN and CS, null for AN, absent for the rest, and one cited critique holds the repository should carry radiotrophic for NO species. Radioresistance: strong, quantitative and well sourced (D. radiodurans D10 ~12 kGy, S. oneidensis D10 ~0.07 kGy, B. subtilis spore and vegetative D10s), and it is the evidence the model's parameter magnitudes actually rest on. The unsourced inline comments at biofilms_potts.jl:22 and :24 should become cited-and-contested or be removed."
NEWS-AUD-06,repository,"docs/research/radiotrophic_compatibility_audit.md:135,:224","Zhdanova 2004 (Mycol Res 108:1089-1096): directed hyphal growth toward a 109Cd source, mean return angle < 90 degrees, C. sphaerospermum 3176",literature_prior,,degrees (mean return angle),true,false,none,primary_literature,requalify,"Retrieve the paper (Elsevier paywall) AND a CPM representation of directed hyphal elongation, which is a MODEL CHANGE","THE ONLY DIRECT RADIOTROPISM CANDIDATE IN THE LITERATURE, AND IT IS BLOCKED TWICE - once on access and once on representability. (1) Its gradient characterisation is UNVERIFIED: the record is inaccessible behind an Elsevier paywall and the audit could not confirm how the field was characterised. (2) Even fully retrieved it could not enter this model: it measures DIRECTED HYPHAL ELONGATION, and compute_delta_H has no elongation, surface-area or connectivity term, so filamentous directional growth has NO CPM REPRESENTATION AT ANY PITCH. Blocker (1) awaits a measurement; blocker (2) awaits a model change. They are different kinds of blocked and both must be stated."
NEWS-VCH-01,repository,data/calibration/spatial/pilot_vcholerae.preflight.json,the Dryad V. cholerae set contains a file that is both 3-D and time-resolved,repository_fact,,none,not_applicable,true,calibration/scripts/vcholerae_pilot.py,derived,delete,"A dataset that is genuinely both, which no screened candidate supplies","THE SCREENING ASSUMPTION WAS FALSIFIED BY THE PREFLIGHT, AND THE PREFLIGHT IS THE RECORD. Header reads: Dataset_1 is T=47 Y=2016 X=2016 S=3, an UNCALIBRATED uint8 RGB brightfield 2-D time-lapse; Dataset_2 is T=49 C=3 Y=1200 X=1201, calibrated (0.065,0.065,0.13) um but 2-D; Dataset_3 is Z=94 C=3 Y=1024 X=1024, calibrated, a genuine 3-D stack with NO time axis. NO FILE IS BOTH. The two time courses are single-plane and cannot enter the harness at all, since a biomass field is 3-D by contract. Screen axes BEFORE downloading in future: every fact here came from a header read, not from the deposit's description."
NEWS-VCH-02,repository,data/calibration/spatial/pilot_vcholerae.csv,coarsening factor 1 passes every structural observable exactly (all six errors 0.0),model_output,0.0,relative error,true,true,calibration/scripts/vcholerae_pilot.py,simulation_output,requalify,Nothing measurable - state that the row is a self-comparison and carries no evidential weight,"PASSES BY CONSTRUCTION AND MUST NEVER BE QUOTED AS A VALIDATION. Factor 1 compares the reference field to itself, so all six errors are identically zero for the same reason 1 = 1. It is retained because a pipeline that cannot reproduce its own input is broken and this row would catch that; it is requalified because a reader meeting six exact zeroes will read agreement where there is only identity. reference_system_id = public_vcholerae_surrogate, target_calibration = false, pitch_um = 0.065 from the ND2 metadata."
NEWS-VCH-03,repository,data/calibration/spatial/pilot_vcholerae.csv,coarsening factor 2 (pitch 0.13 um) FAILS on every structural observable while biovolume fraction and porosity hold exactly,model_output,"specific interface area 0.463, correlation length 0.260, thickness mean 0.235, component size q50 15.0; biovolume fraction 0.0, porosity 0.0",relative error,true,true,calibration/scripts/vcholerae_pilot.py,simulation_output,keep,,"THE INFORMATIVE ROW, AND THE RESULT IS A CLEAN SEPARATION. Doubling the pitch leaves the VOLUMETRIC observables untouched - biovolume fraction 0.047702 and porosity 0.952298 to six figures at both factors, because coarsening conserves occupied volume - and destroys every INTERFACIAL and CONNECTIVITY observable: specific interface area falls 46%, median component size moves by a factor of 15, component count drops 2230 -> 518. That is the pitch-sensitivity structure the harness exists to measure, demonstrated on real data. It licenses 'the machinery was validated against a named public 3-D reference system' and NOTHING about the biological pitch: V. cholerae is not one of the seven modelled species, target_calibration = false, and holdout_kind = none because no frame of one file is an independent sample, so select_pitch refuses these rows."
NEWS-VCH-04,repository,calibration/ ND2 reader,"nd2 returns voxel size (1,1,1) for an uncalibrated file, and the old v > 0 guard accepted it",repository_fact,"(1.0, 1.0, 1.0)",um (fabricated by the library),false,true,calibration/scripts/vcholerae_pilot.py,derived,keep,,"A DEFECT FOUND AND FIXED IN THE SAME PASS, recorded because it is the exact failure mode this whole discipline is built against: A LIBRARY SUBSTITUTING A DEFAULT FOR A MISSING MEASUREMENT, and a validity check that could not tell the substitute from the real thing. nd2 reports voxel_size() == (1.0,1.0,1.0) for Dataset_1, which has axesCalibrated = (False,False,False); every component is positive, so a v > 0 guard passes it and a 1 um pitch enters the pipeline as though measured. The reader now checks axesCalibrated instead. EMPTY IS NOT ZERO, and it is not one either."
NEWS-BIORXIV-01,repository,"README masthead, preprint status",the manuscript's posting status,repository_fact,,none,not_applicable,not_applicable,none,absent,restate,"Query bioRxiv and record the result with its date, or state 'no record found on <date>'","NO RECORD FOUND, AND THAT IS ALL THAT MAY BE WRITTEN. Two web searches on 2026-08-15 returned no bioRxiv record for this preprint; no 10.1101 DOI appears in the repository, the PDF metadata or any commit message; the .md's final section is titled 'Notation Fixes Required Before Submission'; the PDF's Creator is a local LaTeX build. Together these are consistent with an unposted manuscript and they DO NOT ESTABLISH NON-POSTING - a search is a search result on a date, and an indexing lag or a differently titled posting would produce the same evidence. No committed text, and in particular no unamendable commit message, may assert non-posting as a fact. See RM-MH-01."
SYN-E2E-01,docs/physical_reference_system.md,section 2 (S),"The one-way physical biofilm-dose architecture executed end to end under a synthetic, non-calibrating reference system.",software_capability,,none,not_applicable,true,coupling/scripts/synthetic_e2e.py; coupling/tests/integration/test_synthetic_e2e.py,synthetic,supported,,12 invariants recorded as fields in verdict.json and asserted by the integration test. Says nothing about any physical or biological quantity: every input value is invented.
SYN-E2E-02,docs/physical_reference_system.md,section 2 (S),The target biofilm has been calibrated or dosed.,physical_measurement,,none,not_applicable,false,,absent,must_not_be_claimed,"A measured lattice pitch and wet bulk density, both gates READY, and a run with evidence_policy=measured_only.","EXPLICIT NEGATIVE ROW. The synthetic run is the thing most likely to be mistaken for this one. verdict.json carries target_calibration=false, evidence_policy=synthetic and biological_calibration=NOT_EVALUATED so the distinction survives being copied out of context."
SYN-E2E-03,coupling/biofilm_openmc/materials.py,mesh_material_masses_kg,The full-bin mass denominator overstates the A0 cylinder's mass by exactly 4/pi.,numerical_result,1.2732,dimensionless,true,true,coupling/tests/integration/test_csg_mass.py,derived,supported,,"27.000 kg full-bin vs 21.206 kg exact, against an analytic pi*r^2*L of 21.206. It is the circumscribing cube's mass. Quantifies the artifact A0's report blames for its ~11% coarse-mesh aggregate drift."
SYN-E2E-04,docs/a0_transport_resolution_decision.md,whole document,A0's decision and numerical results are unchanged by the provenance-contract and source-placement changes.,numerical_result,,none,not_applicable,true,coupling/biofilm_openmc/convergence.py compare_sweeps,derived,supported,,"Re-ran factors 1 and 2 at 4e6 histories, seed 1: total_heating_eV_per_src, absorbed_fraction, mass_weighted_mean_dose and total_mass_kg all reproduce bit-for-bit. Compared by column class, never byte-diffed: four columns are machine-specific and two more are relative to the sweep's own reference row."
RD-STAB-01,analysis/verify_radiodialysis_stability.py,run_audit geometries,The explicit-Euler radiodialysis step dt_rd = 0.5 is stable at the geometry every call site uses.,numerical_result,18.758,s,true,true,biofilms_potts.jl:1208 dt_rd; biofilms_potts.jl:1245 substep rule,derived,supported,,"At R = N/2 = 20 lattice units, Nr = 40: dr = 0.513, limit 18.758, amplification 1.000. The original audit reported 0.320 / 2.124 because it used RadiolysisParams' struct default R = 1.0, which NO call site passes and which is also biofilms_radiodialysis.R's grid — integrated there by LSODA, which takes no explicit step. Both geometries are now audited and labelled."
RD-STAB-02,analysis/verify_radiodialysis_stability.py,geometries[].explicit_euler_path_runs_here,Radiodialysis explicit-Euler stability currently DEPENDS ON the r-in-lattice-units error.,repository_fact,,none,not_applicable,true,biofilms_potts.jl:1245; biofilms_potts_jacc.jl:301,derived,supported,"Any future correction of r to centimetres must land together with the substep guards in BOTH ports, or a correctness fix introduces an instability.","r is fed in lattice units against a D_eff in cm^2/s (RADIODIALYSIS: BLOCKED). That inflates dr by a factor of N/2 and the stability limit by its square, which is the only reason dt_rd = 0.5 is safe. Set R = 1.0 cm and dt_stable falls to 0.132, n_sub = 4. The guards absorb it; a port without one diverges."
RD-STAB-03,biofilms_potts_jacc.jl,step_radiolysis!,The JACC port substeps identically to the serial port.,repository_fact,,none,not_applicable,true,biofilms_potts_jacc.jl:301; validate_serial.jl,derived,supported,,"It did not until now: it took a single raw forward-Euler step while the serial port substepped, so the two would have silently disagreed the moment the diffusion bound was exceeded — the exact comparison validate_serial.jl exists to make. Added bit-for-bit safe: n_sub = 1 at the as-run geometry, and validate_serial.jl still reproduces m = 0.7786 and P_eff/P0 = e."
JACC-EXEC-01,tests/jacc_port_tests.jl,whole tier,The JACC port's kernels agree with the serial reference.,repository_fact,,none,not_applicable,true,biofilms_potts_jacc.jl:488 selftest; tests/runtests.jl,derived,supported,,"The --selftest existed from the start and NOTHING CALLED IT: runtests.jl and validate_serial.jl both load the serial monolith, so the port could drift or break with every suite green. Now run from runtests.jl. Verified on ROCBackend (gfx1150) and ThreadsBackend; with no LocalPreferences.toml JACC defaults to threads, so a GPU-less runner executes the kernels rather than skipping them."
JACC-EXEC-02,docs/jacc_coupling_port.md,equivalence,The JACC port reproduces serial trajectories bit-for-bit.,repository_fact,,none,not_applicable,true,tests/fixtures/serial_seed42.csv; biofilms_potts_jacc.jl,derived,must_not_be_claimed,Nothing. It is structurally impossible and the criterion is deliberately weaker.,"EXPLICIT NEGATIVE. The 8-colour checkerboard visits sites in a different order, so the RNG stream differs and no parallel port can match the serial fixture pathwise. The declared criterion is per-kernel agreement on identical inputs at Float32 tolerance, which is the strongest claim a parallel port supports. Demanding bitwise identity would be demanding that it not be parallel."
JACC-EXEC-03,docs/jacc_coupling_port.md,backend timings,The GPU backend is slower than threads for this port at N = 40.,numerical_result,13.9 vs 1.8,s,true,true,tests/jacc_port_tests.jl,derived,supported,,"MACHINE-SPECIFIC, and the ratio is the point rather than either number. At N = 40 the lattice is ~6.4e4 sites and the run is dominated by HIP kernel compilation and launch overhead, not arithmetic. Consistent with the local JACC 1.3.1 reduction benchmarks (reducer reuse beats default 11-21x at n = 1e3-1e5, arms converge by n = 1e7). The near-term work is kernel structure, not a larger device."
PILOT-NF-01,docs/calibration/openmc_nested_pilot_report.md,gate table (superseded),"The zero-effect case returned exactly zero, which is the false-positive control that licenses every other row.",model_output,0.0000,relative L2,true,true,coupling/scripts/openmc_nested_pilot.py:_seed,simulation_output,delete,Nothing measurable - the control was vacuous and is replaced by noise_floor,"TRUE BY CONSTRUCTION AND LICENSED NOTHING. The seed depended only on (draw, replicate), never on the material state, so with feedback_elements = None the two models were bit-identical and the metric returned ~1e-16 at any energy, for any physics, however broken the transport. That is a determinism check. Replaced by noise_floor, which decorrelates the states on identical material; the measured floor is 0.0545 at f = 1, not 1e-16."
PILOT-NF-02,docs/calibration/openmc_nested_pilot_report.md,noise floor section,"The unsigned relative-L2 metric has a noise floor of 0.0545 at the finest mesh and 1e5 histories per run, scaling as 1/sqrt(N).",numerical_result,0.0545 at f=1; 0.0316/0.0151/0.0167 at f=2/4/5,relative L2,true,true,coupling/scripts/openmc_nested_pilot.py:omega_b,simulation_output,keep,,"MEASURED, NOT ASSUMED, AND THE SCALING IS VERIFIED. Three history budgets (1e5, 4e5, 1.6e6 per run) give f=1 floors 0.05449, 0.02785, 0.01324 - successive ratios 1.96 and 2.10 against the 2.0 expected from 1/sqrt(N), holding at every mesh factor. The metric is unsigned, so this is a positive BIAS that never cancels, distinct from the replicate SCATTER the budget's transport term reports (sd 0.0023, 24x smaller). Four of the six tabulated material levers sit below this floor."
PILOT-NUM-01,docs/calibration/openmc_nested_pilot_report.md,variance section (superseded),The resolution floor is 70-115x the Monte Carlo noise.,numerical_result,70-115,dimensionless ratio,false,true,coupling/scripts/openmc_nested_pilot.py:_report,simulation_output,requalify,"Report the discretisation BOUND over more than two factors, in effect units","COMPARED TWO DIFFERENT KINDS OF QUANTITY. The numerator was np.var(by_factor, ddof=1) over exactly TWO mesh factors, which is algebraically (d1-d0)^2/2 - a squared difference, not a variance. It reproduces (0.15125673-0.12362119)^2/2 = 3.8186e-04 to every digit. The denominator was a genuine multi-replicate variance. Also forbidden by the project's own rule: mesh_coarsening_factor carries sampling_role = convergence_axis, which instructs carrying a BOUND rather than sampling. Now four factors, worst squared deviation from the finest mesh. In effect units the bound is 0.058 against a transport sd of 0.0023, a factor of 25."
PILOT-LEV-01,artifacts/pilot/openmc_nested_pilot_budget.json,material_lever_sensitivity_rel_l2 (removed),"Six material lever sensitivities, emitted into the budget artifact.",numerical_result,"density 0.0137, Fe 0.0033, Gd5 0.0376, dehydration 0.0459, Gd20 0.1241, Gd40 0.2242",relative L2,true,false,coupling/scripts/openmc_nested_pilot.py:_report,absent,delete,"Re-measure as registered scenarios that write sample rows - done, see PILOT-LEV-02","NO RUN BEHIND THE NUMBERS. The dict was hardcoded and written unconditionally, whatever the run had actually done; no sample row, seed, replicate count or mesh factor existed for any entry. NOT fabricated, which is the subtler hazard: reproduction shows Gd20 = 0.1241 was the f=1 value while the registry's 0.1384 was the f=1/f=2 pooled mean, so both were right and neither said which it was. Reproduction also shows density x1.35 was low by 78% against a measured 0.0244."
PILOT-LEV-02,docs/calibration/openmc_nested_pilot_report.md,lever table,"At 661.7 keV the material lever ranking is Fe 5% < density x1.35 < Gd 5% < dehydration < Gd 20% < Gd 40%, and the strongest physically realistic lever is the hydrogen fraction.",numerical_result,"0.00488, 0.02443, 0.03786, 0.04707, 0.12372, 0.22595 at f=1",relative L2,true,true,coupling/scripts/openmc_nested_pilot.py --levers,simulation_output,keep,,"RE-MEASURED WITH ROWS, AND INDEPENDENTLY CROSS-CHECKED. Every value now has replicate rows in data/calibration/openmc_effect_samples.csv. Each lever ran BOTH paired and unpaired, so the paired estimate can be checked against sqrt(unpaired^2 - floor^2): Fe 0.00488 vs 0.00672, Gd5 0.03786 vs 0.03518, dehydration 0.04707 vs 0.05247 - three of four agree within 35%, the fourth uninformative because its unpaired value fell below the floor. The ranking is unchanged from the retracted table; only its provenance and its noise context are new. Four of six sit BELOW the 0.0545 noise floor and are measurable only because common random numbers cancel most of it."
PILOT-OMEGA-01,docs/calibration/openmc_nested_pilot_report.md,omega_b defect note (superseded),"The per-factor spread survived the occupancy fix, which is how we know the 22% is genuine discretisation rather than a masking artifact.",model_output,22,percent,true,true,coupling/scripts/openmc_nested_pilot.py:omega_b,simulation_output,requalify,"Equalise the uncertainty criterion too, then restate","HALF RIGHT, AND THE CONCLUSION SURVIVES THE OTHER HALF. The occupancy criterion had been equalised; the UNCERTAINTY criterion had not. omega_b also required rel_err < 0.25, which bit the factors unequally - at f=1 it removed about a third of the bins (983/949/968 of 8000, median rel_err 0.1837) while at f=2 it never bound (a constant 215/1000, median 0.0837). Membership therefore also moved with the history count, so the metric's domain changed with its precision. rel_err is now a diagnostic, not a membership criterion; f=1 bin counts rose from ~965 to ~1500, and the f=1 to f=2 movement is still 22% (0.1237 to 0.1509). The claim was right; the evidence offered for it did not support it."
PILOT-COST-01,docs/calibration/openmc_nested_pilot_report.md,cost projection (superseded),"With numerics at 97.7% of the variance, quadrupling the histories buys a 0.7% component; the budget belongs in mesh resolution.",model_output,97.7,percent,false,true,coupling/scripts/openmc_nested_pilot.py:_report,simulation_output,delete,"Recommend the 4e6 history setting - the noise floor, not the replicate scatter, is what histories buy down","THE RECOMMENDATION IS REVERSED. The 97.7% compared a discretisation BOUND against a replicate SCATTER and omitted the noise BIAS entirely. The bias is 0.0545 at the pilot's settings, it scales as 1/sqrt(N) (verified over a 16x history range), and it is the quantity deciding whether an effect of 0.02-0.05 - where every physically realistic lever sits - is measurable at all. About 40x the pilot's histories are needed to push the floor below 0.01. Discretisation still dominates scatter by ~25x in effect units, so the A0 lesson holds; the inference drawn from it did not."
PILOT-DEBIAS-01,docs/calibration/openmc_nested_pilot_report.md,gate statistic,"The gate decides on a cross-replicate debiased squared effect, not on the raw unsigned relative-L2 norm.",model_output,S_hat = (1/R(R-1)) sum_{r!=s} d_r^T W d_s,dimensionless (E^2),true,true,coupling/biofilm_openmc/feedback_uq.py:debiased_squared_effect,simulation_output,keep,,"UNBIASED BY CONSTRUCTION, NOT BY SUBTRACTION. Across independent replicates E[d_r^T W d_s] = E[d_r]^T W E[d_s], so the estimator carries no noise term to estimate and remove. The denominator uses the same cross-replicate construction because E[||D0_r||^2_W] carries the baseline's own noise power and a naive squared norm is biased HIGH. Reported squared and compared against delta^2: taking a root near zero reintroduces the bias. S_hat MAY BE NEGATIVE and must be, about half the time, when the true effect is zero - the noise_floor scenario returned 8 negative of 16 draws - exactly half. Verified against simulation at the measured geometry: at a true effect of 0.020 the raw norm reads 0.0223-0.0294 while the debiased estimate recovers 0.0200 at every R from 3 to 20."
PILOT-NF-03,artifacts/pilot/openmc_nested_pilot_verdict.json,noise_floor scenario,Under the debiased estimator the noise-floor scenario is not distinguishable from zero.,numerical_result,"E^2 = 4.81e-05 +/- 3.3e-04, z = 0.1",dimensionless (E^2),true,true,coupling/scripts/openmc_nested_pilot.py --levers,simulation_output,keep,,"THE CONTROL NOW BEHAVES LIKE A CONTROL. The same scenario reads 0.0653 under the raw unsigned norm and is indistinguishable from zero under the debiased statistic, on the same runs and the same seeds - which is the cleanest available demonstration that the 0.0653 was the metric's bias and not a physical effect. Significance now comes from the estimator's own jackknife standard error rather than from a comparison against another scenario, so the retired 3x-floor rule cannot acquire the status of an undeclared second threshold."
PILOT-LEV-03,docs/calibration/openmc_nested_pilot_report.md,lever table,"The material lever magnitudes fall once the noise bias is removed, most for the weakest levers; the RANKING is unchanged.",numerical_result,"f=1 paired signed root: Fe 0.00253, density 0.00743, Gd 5% 0.03652, dehydration 0.04607",dimensionless (E),true,true,coupling/scripts/openmc_nested_pilot.py --levers,simulation_output,requalify,Quote the debiased values; the raw values in PILOT-LEV-02 are biased high,"THE BIAS FALLS HARDEST WHERE THE EFFECT IS SMALLEST, which is the signature of removing an additive noise floor rather than of a physics change. Against the raw f=1 values in PILOT-LEV-02: density x1.35 drops 0.02443 -> 0.00743 (-70%) and 5% Fe 0.00488 -> 0.00253 (-48%), while the two strong levers barely move (5% Gd -3.5%, dehydration -2%). Ordering Fe < density < Gd 5% < dehydration survives, so the physical conclusion - that the hydrogen fraction is the strongest realistic lever and metal loading is weak at 661.7 keV - is unaffected. Paired and unpaired estimates now AGREE where the unpaired one has the precision to say so (Gd 5%: 0.03652 vs 0.03344), whereas under the raw norm they differed by 13-83%; common random numbers now buy precision only, tightening the standard error by 8x to 140x without moving the estimate."
PILOT-COST-02,docs/calibration/openmc_nested_pilot_report.md,cost projection,About 40x the pilot's histories are needed before an effect of 0.02-0.05 is measurable.,model_output,40,multiple of pilot histories,true,true,coupling/biofilm_openmc/feedback_uq.py:debiased_squared_effect,simulation_output,requalify,"State that this sized the RAW norm's bias, and that the debiased estimator is unbiased at the current history count","MY OWN CORRECTION, CORRECTED. PILOT-COST-01 reversed the original recommendation from 'histories buy nothing' to 'buy ~40x more', on the ground that the noise BIAS is what decides whether a 0.02-0.05 effect is measurable. That reasoning was right about the raw norm and is superseded for the gate: the debiased estimator is unbiased at R = 3 and at the pilot's existing history count, so histories now buy PRECISION rather than correctness. Simulation and the run agree - 5% Gd is resolved at z = 46 and dehydration at z = 26 with 1e5 histories per run. More histories remain worth buying to tighten the standard error and to reduce the discretisation bound, which still dominates the budget (numerics 9.2e-04 against transport 7.7e-07 in E^2), but they are no longer a precondition for measuring the small levers at all."
PILOT-GATE-01,coupling/biofilm_openmc/synthetic_gate.py,ThresholdPolicy,A declared effect threshold is interpretable without naming the metric it is denominated in.,repository_fact,,none,not_applicable,true,coupling/biofilm_openmc/synthetic_gate.py:ThresholdPolicy.metric_id,derived,delete,metric_id on the policy and an optional metric_id argument to decide(),"A THRESHOLD IS NOT TRANSFERABLE BETWEEN METRICS AND NOTHING ABOUT THE NUMBER REVEALS IT. Moving the gate from a relative L2 effect to a debiased SQUARED effect changes 0.10 into 0.01 and 0.02 into 0.0004; comparing an E-denominated threshold against E^2 draws is a silent factor-of-ten error that no test on the numbers alone would catch. ThresholdPolicy now carries metric_id, problems() refuses an empty one, and decide() returns NOT_EVALUATED when the draws' metric_id does not match the policy's."
PILOT-PROV-01,data/calibration/openmc_effect_samples.csv,committed table,The committed effect table records which run produced it.,repository_fact,,none,not_applicable,true,coupling/scripts/openmc_nested_pilot.py:_report,absent,delete,A provenance header on every committed table - done,"IT RECORDED NOTHING. The header carried prose semantics only: no commit, no OpenMC version, no nuclear-data identity, no history count, no timestamp. The sibling JSONs that did carry provenance live under artifacts/, which is gitignored, so they were never committed and the table was provenance-orphaned. Both committed CSVs now carry a provenance block. Note the structural limit stated there: an artifact CANNOT name the commit that will contain it, so git_commit names the PARENT and carries the -dirty marker; that pair plus the config and snapshot hashes is the honest identity."
PILOT-PROV-02,docs/openmc_stack.md,nuclear data,The cross_sections.xml checksum is recorded in ~/openmc-data/*.sha256.,repository_fact,,none,not_applicable,false,docs/openmc_stack.md,absent,delete,"Record the archive checksum, which is what exists and is the stronger identity","ONLY THE ARCHIVE CHECKSUM EXISTS (endfb-viii.0-hdf5.tar.xz.sha256); there is no checksum for cross_sections.xml. The archive digest is the better identity anyway since it pins every data file rather than only the index. Related: synthetic_e2e.py writes the LITERAL string 'endfb-viii.0' rather than reading OPENMC_CROSS_SECTIONS, so it records an assumption about the environment rather than an observation of it. openmc_nested_pilot.py:_nuclear_data_id() resolves the env var and its recorded digest and names the file the digest came from."
REFINE-01,docs/calibration/openmc_nested_pilot_report.md,next steps,Factor 1 is the finest tally available; the mesh cannot be refined below the CPM lattice pitch.,repository_fact,,none,not_applicable,true,coupling/biofilm_openmc/mesh.py:resolve_mesh_dimension,derived,delete,A refinement path in resolve_mesh_dimension - done,"IT WAS ARITHMETIC, NOT PHYSICS, AND THE REPORT STATED IT AS A PROPERTY OF THE MODEL. An openmc.RegularMesh sets its physical extent and its bin count independently; biofilm_mesh_extent_cm() already ignored the dimension and mesh_material_volumes raytraces whatever mesh it is given. What blocked refinement was `return tuple(d // f for d in base)` with no multiplicative path. Tally ratios 1x, 2x and 4x now build, raytrace and run. A finer tally adds TRANSPORT resolution only - the material lattice stays piecewise constant at the CPM pitch - so this answers the discretisation question and says nothing about morphology."
REFINE-02,docs/calibration/subvoxel_tally_refinement.md,headline,The mass-weighted relative-L2 effect metric is not resolution-invariant and does not converge under tally refinement.,numerical_result,"E = 0.12280 at 1x, 0.12305 at 2x, 0.10555 at 4x (identical region, 5 replicates, 3.2e5 particles)",dimensionless,true,true,coupling/scripts/subvoxel_refinement.py,simulation_output,keep,,"MEASURED OVER AN IDENTICAL REGION AND CONFIRMED HISTORY-INDEPENDENT. Omega_b is defined once at the lattice resolution and upsampled, so the three ratios cover exactly the same physical volume (1562 / 12496 / 99968 bins, exactly x8 and x64). The 4x result is stable to 0.3% across a 16x history range while the per-bin relative error falls 0.736 -> 0.222, so it is not a noise artifact. Decomposing the ratio explains it: refining 1x -> 4x grows the numerator ||E[d]||^2_W by 1.55 and the DENOMINATOR ||E[D0]||^2_W by 2.10, because the baseline field carries the steep gradients of an axial line source and every material boundary while the difference field is smoother. CONSEQUENCE: a declared effect threshold is only meaningful alongside a declared tally resolution, exactly as it is only meaningful alongside a metric_id. Quoting 0.12 without one quotes a number that moves 48% across the resolutions measured (0.1055 at 4x to 0.1821 at coarsening factor 5)."
REFINE-03,docs/calibration/subvoxel_tally_refinement.md,sub-voxel structure,72% of the baseline dose field's mass-weighted L2 norm lies below the CPM lattice pitch.,numerical_result,"sub-voxel share 0.161 at 2x, 0.723 at 4x",dimensionless,true,true,coupling/scripts/subvoxel_refinement.py,simulation_output,keep,,"DEBIASED, WHICH IS THE ONLY REASON IT IS BELIEVABLE. Measured as the cross-replicate inner product of the residual about each voxel's own mass-weighted mean, so Monte Carlo noise contributes nothing in expectation. The naive single-replicate version reads 1.05 at 4x and is almost pure noise, since the per-bin relative error there is 0.74. Stable to 0.15% across a 16x history range. This is a statement about TRANSPORT structure within a parcel of uniform material, not about morphology - the CPM asserts uniform material inside a voxel, so dose structure below that scale is arguably a detail the biology cannot see, which is why the report recommends declaring the tally at the lattice pitch and carrying the 4x value as a BOUND."
REFINE-04,coupling/biofilm_openmc/dose.py,specific_energy_per_source,Heating scored in a bin with zero mass always means the tally and the geometry disagree.,repository_fact,,none,not_applicable,true,coupling/biofilm_openmc/dose.py:specific_energy_per_source,derived,requalify,Refuse by magnitude rather than by presence,"A ZERO RAYTRACED VOLUME IS AN ESTIMATE, NOT A PROOF OF EMPTINESS. The guard treated an O(1/sqrt(n)) raytrace estimate as ground truth and so refused correct runs: at 4x refinement, 1-2 bins in 512 000 receive heating in a material sliver too thin for any ray to strike, carrying at most 6.5e-07 of the total. Buying rays does not fix it - 5.12e6 rays leaves the massless-bin count at 25.25% against 25.38% at 1.6e6, because most massless bins are the genuinely void corners of a cube circumscribing a cylinder (1 - pi/4 = 21.5%). The guard now refuses above a 1e-4 share and warns below it, discarding the orphaned energy rather than redistributing it. A real disagreement - misaligned mesh, wrong extent, transposed axis - puts percent-level or more there and still raises, three orders of magnitude above the tolerance."
REFINE-05,coupling/scripts/subvoxel_refinement.py,ray counts,"Raytrace accuracy improves monotonically with n_samples, so scale it with the bin count.",repository_fact,,none,not_applicable,true,coupling/scripts/subvoxel_refinement.py:ray_samples,derived,delete,"Choose verified counts: n_samples = P * dim^2, not P * dim^3","TWO SEPARATE ERRORS IN THAT ASSUMPTION. (1) Each ray crosses `dim` bins along its axis, so n_samples = P*dim^2 already delivers about P samples per bin - per-bin sampling does not fall as dim^3 and scaling that way overshoots by the linear dimension. (2) Raising the count is not safe: material_volumes lays rays on a regular grid, and at some counts a ray passes within floating-point epsilon of a lattice plane and OpenMC ABORTS THE PROCESS with 'could not be located after crossing a boundary of lattice'. That abort is not a catchable exception. It is neither monotone in ray count nor related to refinement - 20^3 bins abort at 2.56e6 rays while 80^3 bins succeed at 5.12e6 - and setting max_lost_particles does not help because material_volumes runs through openmc.lib.init and never reads it. The counts in use are individually verified."
REFINE-06,docs/calibration/subvoxel_tally_refinement.md,conservation check,Block-summing a refined tally back to the lattice grid reproduces the unrefined result exactly.,numerical_result,"1.5080234573e-02 / ...574e-02 / ...589e-02 at ratios 1, 2, 4",dimensionless (E^2),true,true,coupling/scripts/subvoxel_refinement.py,simulation_output,requalify,,"THE CHECK PASSED FOR A DIFFERENT REASON THAN THE ONE GIVEN. It compared only the E^2 statistic, and E^2 is a ratio in which the mass denominator appears in both sums and cancels to high order - so it agreed to nine significant figures while the underlying DOSE FIELD differed by 1.5%, because each ratio raytraced its own mass denominator and independent raytraces of the same geometry differ by up to 3.0% per voxel. Every ratio now shares ONE raytrace, taken at the finest ratio and coarsened down (mass is extensive, so that is exact and also cheaper). With that, the field-level identity holds: mass 4.8e-16, heating 6.0e-16, dose field 5.6e-16. The driver now asserts on the FIELD at 1e-9. The headline E^2 values are unchanged to six digits by the fix, which is itself the evidence that E^2 was insensitive to the denominator."
REFINE-07,coupling/scripts/subvoxel_refinement.py,mass basis,Raytracing the CSG volumes independently at each tally resolution gives each resolution a correct mass denominator.,repository_fact,,none,not_applicable,true,coupling/scripts/subvoxel_refinement.py,derived,delete,"One raytrace at the finest ratio, coarsened down - done","CORRECT PER RATIO, INCONSISTENT ACROSS THEM, AND DOSE IS HEATING OVER MASS. Independent raytraces of the same geometry differ by up to 3.0% per voxel and 0.13% in total, so every ratio's dose field inherited a different denominator and the ratios differed for a reason unrelated to resolution. Mass is extensive, so coarsening the finest estimate is exact; it also costs one raytrace instead of one per ratio. Measured consequence: with the shared raytrace the reduced 4x dose field matches the native 1x field to 5.6e-16, against 1.5e-02 before."
VIEWER-01,coupling/biofilm_openmc/viewer.py,bundle contract,A multi-grid viewer bundle in which upsampled layers may be drawn and may not be quoted.,repository_fact,,none,not_applicable,true,coupling/biofilm_openmc/viewer.py:bundle_problems,derived,keep,,"THE DIRECTION OF RESAMPLING IS WHAT DECIDES QUOTABILITY, and an earlier draft of this rule was blunter than the physics. UPSAMPLING broadcasts one value across bins that were never separately measured - it INVENTS information, and is refused authoritative_for_quantitation whatever the arithmetic. REDUCTION (block sum of an extensive quantity, mass-weighted mean of an intensive one) destroys information and invents none: the refinement study confirms a 4x dose field reduced to the lattice reproduces the native lattice field to 5.6e-16, so forbidding it would be wrong. A 'reduction' onto a grid that is not coarser is refused, since that label is the only thing standing between upsampling and being quoted. Also enforced: one origin and one physical extent across all grids in a bundle, integer dtype for categorical layers, no arithmetic resampling of labels, and no blank units."
VIEWER-02,coupling/scripts/subvoxel_refinement.py,--bundle,The repository can produce a viewer bundle containing a genuinely native high-resolution dose field.,repository_fact,"4 grids, 17 layers, 13 quotable",none,not_applicable,true,coupling/scripts/subvoxel_refinement.py:_write_bundle,simulation_output,keep,,"BEFORE THE REFINEMENT WORK THERE WAS NOTHING TO SHOW. The only producer was synthetic_e2e.py, which upsamples a coarse dose field to lattice resolution BEFORE attribution, so a viewer could have displayed only the lattice grid and anything finer would have been a coarse field broadcast to look detailed. The bundle now carries cpm_labels (20^3) alongside native OpenMC dose grids at 20^3, 40^3 and 80^3, all spanning the identical 24.0 cm cube with one origin, plus both sides of the resampling rule on real data: a mass-weighted reduction marked quotable and an upsampled label overlay marked not. Written from the refinement run's own in-memory fields, so it costs no extra transport."
REFINE-08,docs/calibration/subvoxel_tally_refinement.md,conservation drift,Discarding heating from massless bins costs nothing measurable.,numerical_result,"drift 0 at 1x, 1.5e-13 at 2x, 3.0e-09 at 4x",dimensionless (relative),true,true,coupling/scripts/subvoxel_refinement.py,simulation_output,requalify,State that the discard is resolution-dependent and record the drift per row,"IT COSTS LITTLE, AND IT IS RESOLUTION-DEPENDENT, WHICH IS THE PART WORTH KNOWING. The sliver tolerance in dose.specific_energy_per_source drops heating found in bins the raytrace gave zero volume. That drop depends on the tally resolution: at 4x a sliver is its own bin and its energy is discarded, while at 1x the same energy sits inside a coarse voxel with mass and is kept - so the reduced 4x field and the native 1x field differ. FIRST EXPLANATION REACHED FOR WAS FLOAT ACCUMULATION, AND IT WAS WRONG: accumulation would put the 8-term and 64-term sums ~8x apart, not four orders of magnitude. Localisation confirms the real mechanism - of the voxels carrying drift above 1% of the maximum there is EXACTLY ONE, holding 28 of its 64 sub-bins massless, against 19% of the remaining voxels holding any; mass itself conserves to 4.8e-16. Magnitude is negligible for this study (3.0e-09 against a 27% finding) but it is now recorded per row as lattice_field_drift_vs_ratio1 rather than assumed."
GATE-POOL-01,coupling/scripts/openmc_nested_pilot.py,decide() draws,The S0 verdict may be computed from effect draws pooled across tally resolutions.,model_output,16 rows = 4 outer draws x 4 mesh factors,dimensionless (E^2),false,true,coupling/scripts/openmc_nested_pilot.py:_report,simulation_output,delete,"Gate on the finest resolution, widened by the residual discretisation bound - done","THIS IS THE ONE THAT REACHED THE VERDICT. Pooling put a systematic, monotone discretisation trend inside a distribution the gate reads as sampling spread, and mesh_coarsening_factor is declared sampling_role = convergence_axis precisely so it is never drawn from. The trend is large: clearly_detectable runs 5.05e-2 at f=1 to 8.09e-2 at f=5, a 60% drift and ~71x the correct standard error; lever_density_x1.35 spans 6e-5 to 7.5e-4, 13.5x. CRITICALLY, gating on the finest factor ALONE is a RELAXATION, not a fix: lever_density_x1.35's 99% upper bound falls 7.59e-4 -> 7.12e-5, under the 4e-4 practical floor, converting 'real but not worth acting on' into 'below threshold' by looking at less. decide() therefore takes a resolution_bound and widens the interval symmetrically. Under finest+bound no verdict in the committed run becomes easier and three become stricter."
GATE-SE-01,coupling/scripts/openmc_nested_pilot.py,significance flag,distinguishable_from_zero used e2 > 3 * sqrt(mean(jackknife_var)) as a significance test.,model_output,3 sigma,dimensionless,false,true,coupling/scripts/openmc_nested_pilot.py:_report,simulation_output,delete,"Cluster-on-outer-draw SE at the finest mesh, with a t critical value - done","THREE ERRORS IN ONE LINE, AND THE DIRECTION WAS OPPOSITE TO THE ONE FIRST ASSUMED. (1) It pooled over outer draws AND mesh factors. (2) sqrt(mean(jackknife_var)) is the rms standard error of ONE row - no 1/sqrt(M), no between-draw term - so it is not the standard error of the mean it divided into. (3) '3 sigma' on M-1 = 3 degrees of freedom is a ~94% one-sided test wearing a 99.9% label; the t critical value is 10.21. Measured against a cluster SE on the committed run, the old se is CONSERVATIVE in 10 of 11 scenarios (2.06x to 10.15x) and anti-conservative in exactly one (lever_dehydration_H_0.06, 0.87x), so it produced NO false positives here - the initial analysis claimed anti-conservatism of 2-20x and was refuted by data already in the repo. The per-row jackknife spread is kept under its own name because it is the right input to VarianceBudget.transport, and it is labelled a floor rather than an estimate: the delete-one jackknife on a RATIO overstates the true per-row SD by ~1.8x at R = 3."
GATE-ROI-01,coupling/scripts/openmc_nested_pilot.py,omega_b,Omega_b required a dose floor taken from replicate 0's field.,repository_fact,1e-3 of peak dose,dimensionless,false,true,coupling/scripts/openmc_nested_pilot.py:omega_b,derived,delete,Two geometric criteria only - done,"THE SAME ERROR THE MODULE HAD ALREADY LEARNED ONCE, IN A SUBTLER FORM. The first version cut on rel_err and the docstring was rewritten to say MEMBERSHIP MUST NOT DEPEND ON THE ESTIMATOR; the dose floor then violated that rule while the docstring asserted it. Because the floor came from one replicate, the region was a random set drawn from that replicate, so 2(R-1) of the R(R-1) ordered pairs the U-statistic averages involve a row that helped choose the weights - four of six at R = 3. Magnitude is P3 (well under 1% of E^2, inside one standard error) and no verdict moves on this alone, but the floor was also doing almost no work: sub-floor biomass bins carry a fraction of a percent of the weighted norm. Dropping it shifts the estimand by up to 11% in one scenario, so it rides the same regeneration. NOTE: a floor computed from the replicate MEAN is not a fix - it correlates membership with every row instead of one."
GATE-RATIO-01,coupling/biofilm_openmc/feedback_uq.py,debiased_squared_effect,The debiased squared effect is an unbiased estimate of the squared relative effect.,model_output,,dimensionless (E^2),true,true,coupling/biofilm_openmc/feedback_uq.py:debiased_squared_effect,simulation_output,requalify,"Scope the claim to the numerator and denominator; record the bias SCALE, not a point estimate","THE NUMERATOR AND DENOMINATOR ARE EACH UNBIASED; THEIR RATIO IS NOT. E[X/Y] != E[X]/E[Y], and the two are correlated through the baseline rows they share, giving the usual delta-method term Var(Den)/E[Den]^2 - Cov(S,Den)/(E[S]E[Den]) at O(1/R). What is recorded is the SCALE, |bias|/SD ~ relerr*sqrt(2(1-rho)/(R*B_eff)) < 3e-2 across the envelope (R 3-5, relerr 0.03-0.74, rho 0-0.9), rather than a point estimate that depends on an assumed rho. B_eff is the PARTICIPATION RATIO (sum w mu^2)^2/(sum w^2 mu^4) ~ 400, not the bin count ~1500: a dose field concentrated near a line source has far fewer effective bins than bins, and using the bin count understates the bias ~2x. NO PLUG-IN CORRECTION IS SHIPPED - both the delta-method and jackknife corrections were measured and both are harmful at small R, turning -35% into +170% in the stress regime. rho measured here at 0.93-1.00 from the paired/unpaired lever pairs, against 0.855-0.932 measured from replicate residuals; the bound is small either way."
VIEWER-03,coupling/biofilm_openmc/observer.py,read-only observer,A PyVista observer that renders a viewer bundle and computes nothing.,repository_fact,14 of 16 tests in the bare tier,none,not_applicable,true,coupling/biofilm_openmc/observer.py,derived,keep,,"ALMOST NONE OF A VIEWER IS RENDERING, WHICH IS WHY ALMOST ALL OF IT IS TESTABLE WITHOUT ONE. Choosing which layers may be drawn, what each must be labelled with, how a categorical field maps to colour, where a grid sits in centimetres and what the provenance panel says are decisions about DATA. PyVista is imported function-locally in exactly two entry points, so 14 of 16 tests run with no renderer installed; only to_image_data and plot_layer are gated. The module imports neither feedback_uq nor synthetic_gate and a test asserts it ON THE IMPORT GRAPH rather than the text, since the docstring names the modules it refuses. A non-quotable layer carries a REQUIRED banner naming the mechanism, and plot_layer RAISES rather than warns if a caller suppresses it. Arrays attach as CELL data, never point data: interpolating a piecewise-constant voxel field to points would smooth the material boundaries the model asserts are sharp and make a categorical field meaningless. Species palette and orbit camera carried across from the feat/visualize-3d prototype, which is otherwise unusable."
VIEWER-04,coupling/biofilm_openmc/viewer.py,quantitative_layers,A layer is quotable only if it is both native and authoritative_for_quantitation.,repository_fact,,none,not_applicable,true,coupling/biofilm_openmc/viewer.py:quantitative_layers,derived,delete,Key on authoritative_for_quantitation alone,"A LEFTOVER FROM THE BLUNTER FIRST RULE, AND IT DEMOTED EXACTLY THE CASE THE SHARPENED RULE PERMITS. When the contract was corrected to allow a reduction to stay quotable - an exact mass-weighted reduction reproduces the native field at that resolution to 5.6e-16 - bundle_problems was updated and quantitative_layers was not, so a derived-but-authoritative layer was silently excluded. `native` is descriptive; `authoritative_for_quantitation` is the field named for the decision, and bundle_problems already guarantees it cannot be set on an upsampling. CAUGHT BY RUNNING THE OBSERVER AGAINST THE REAL BUNDLE, where dose_on_lattice_from_r4 was labelled NOT QUANTITATIVE; the existing test passed either way because its fixture used a non-authoritative layer. Quotable count on the committed bundle moves 13 -> 15 of 17."
LADDER-01,docs/calibration/morphology_rasterization_ladder.md,interface area,specific_interface_area_per_um measures a physical interface area density.,model_output,,1/um,false,true,calibration/biofilm_calibration/spatial/structure.py:specific_interface_area,simulation_output,requalify,"Redenominate the tolerance against a same-pitch reference, or replace the estimator","IT MEASURES THE INTEGRAL OF |n|_1 OVER THE SURFACE, NOT |n|_2, SO IT IS NOT AN AREA AND NO REFINEMENT FIXES IT. Counting axis-aligned faces gives a ratio to the true area equal to E[|n|_1] for the surface's orientation distribution. Verified on three geometries at three pitches each: axis-aligned plane 1.0000/1.0000/1.0000 against a predicted 1; 45-degree plane 1.4001/1.4071/1.4107 against sqrt(2)=1.4142; isotropic sphere 1.5096/1.5011/1.5006 against 3*E|n_x|=3/2. Three orientations, three different constants, each matched within 2% and converging TOWARD the constant rather than toward 1. On the sphere ladder the relative error against a closed-form area sits at 0.467-0.510 across an 8x pitch range and is slightly WORSE at the finest pitch. (RESTATED per LADDER-06: the original 0.41-0.51 over 16x took both of its bounds from the 3.2 um row that LADDER-04 withdrew for not tiling the spheres' 24 um axis. The narrower spread over a shorter range does not weaken the finding - the error moves LESS than was reported while still refusing to fall.) CONSEQUENCE: maximum_interface_area_error = 0.10 is declared `hard` in config/reference_d_spatial_acceptance.toml and NO pitch can satisfy it against a physical area for any curved interface. The tolerance is denominated in the wrong thing rather than set wrongly - select_pitch compares the SAME estimator on a reference and a coarsened copy, where the ~1.5 factor largely cancels. NOTE the cancellation is only PARTIAL, because coarsening changes the orientation statistics of the discretised surface."
LADDER-02,data/calibration/spatial/pilot_vcholerae.csv,interface area result,Specific interface area falls 46% at coarsening factor 2 on the V. cholerae pilot.,model_output,0.463,relative error,true,true,calibration/scripts/vcholerae_pilot.py,simulation_output,keep,,"SURVIVES LADDER-01, AND THE REASON IS WORTH RECORDING. That result compares ONE estimator at TWO pitches, not an estimator against a physical area, so the ~1.5 orientation factor is present in both terms and largely cancels. It therefore measures real resolution loss, which is what it was quoted for. It would NOT survive being read as 'the interface area fell 46% in physical units', and nothing in the pilot claims that."
LADDER-03,docs/calibration/morphology_rasterization_ladder.md,pitch requirements,"The coarsest pitch preserving each declared observable, measured against closed-form truth.",numerical_result,"component size 3.2 um, biovolume 0.8 um, porosity 0.4 um, interface area never",um,true,true,calibration/scripts/rasterization_ladder.py,simulation_output,restate,,"THE FIRST MEASUREMENT OF WHAT A PITCH COSTS AGAINST A KNOWN ANSWER. select_pitch has never had this, because on real data there is no truth to compare against. Nine spheres of radius 5 um on a 16 um lattice in a 48x48x24 um box, five pitches from 3.2 to 0.2 um, occupancy thresholded at the frozen tau = 0.5. Porosity needing a 2x finer pitch than biovolume is the `derived` tolerance working as intended: porosity is 1 - biovolume, so an equal relative tolerance is ~20x tighter and the config carries a separately derived 0.0025. An axis-aligned slab is EXACT at every pitch (errors 0 to 2e-16), which is the control establishing that the sphere errors are about curvature and not about the ladder machinery. CALIBRATES THE METHOD, NEVER THE SPECIMEN: the objects are invented, so this says what a pitch costs a measurement, not what pitch a biofilm needs. SUPERSEDED IN PART BY LADDER-04: the 3.2 um pitch in this row's ladder does not tile the spheres' 24 um axis and was withdrawn; the coarsest pitch preserving component size is 1.6 um and not 3.2. The biovolume (0.8) and porosity (0.4) figures are unaffected, having been measured at pitches that tile."
APPROVAL-01,calibration/biofilm_calibration/spatial/report.py,biosafety gate,The gate refuses a growth condition without an institutional biosafety approval.,repository_fact,,none,not_applicable,true,calibration/biofilm_calibration/spatial/report.py,derived,delete,"Check what a reviewer would ask for, not that a string is non-empty","IT WAS A PRESENCE CHECK, AND SINCE THE SCHEMA ALREADY REFUSED A BLANK IT WAS VERY NEARLY A NO-OP. institutional_approval_id is required=True in BASELINE_CONDITION, so read_table already rejected an empty cell; what the gate added was nothing, because ANY non-empty string passed. It accepted 'approved', 'pending', 'TBD', and the literal words 'd approved' -- which is how the hole was found, when that phrase was offered as an approval and refused by a human rather than by the code. It would equally have accepted a real-looking identifier belonging to another protocol, covering different strains, at another facility, issued after culturing, or expired. Replaced by calibration/biofilm_calibration/approval.py."
APPROVAL-02,calibration/biofilm_calibration/approval.py,hardened checks,The approval checks verify that an institutional biosafety approval is genuine.,repository_fact,,none,not_applicable,true,calibration/biofilm_calibration/approval.py,derived,requalify,State what the checks do and do not establish,"THEY DO NOT AND CANNOT VERIFY AUTHENTICITY. What they verify is that the fields a reviewer would ask for are present, resolve, agree with one another, and still describe the row: filler text refused by value; an issuing authority named; approval_source_id resolving to a document_type = institutional_biosafety_approval row with a url or digest; ISO dates satisfying effective <= culturing_start < expiration with today < expiration; and approval_scope_hash matching a digest over the approved scope columns. No check local to this repository can establish that a committee issued a document. THE SCOPE DIGEST DETECTS DRIFT, NOT FORGERY: anyone who edits a growth condition AND recomputes the hash defeats it. What it makes impossible is editing a condition and silently inheriting an approval that never covered it, which is the failure that happens by accident."
APPROVAL-03,calibration/scripts/reference_d_status.py,expiry,Reference D readiness is a function of the repository state alone.,repository_fact,,none,not_applicable,false,calibration/scripts/reference_d_status.py,derived,requalify,Print the evaluation date; inject it in tests,"AN APPROVAL EXPIRES, SO THE VERDICT NOW DEPENDS ON WHEN IT IS ASKED. A run that passes this week can fail next week with no code or data change, and that is correct -- a lapsed approval authorises nothing. Two consequences are handled explicitly rather than discovered later: the status report PRINTS the date it judged against, so a changed verdict is explainable instead of alarming; and `today` is an injected parameter throughout approval.problems and spatial report.evaluate, so tests pin a fixed date and do not become time bombs."
APPROVAL-04,data/calibration/spatial/sources.csv,document typing,A source_id resolving successfully establishes that the cited document is the right document.,repository_fact,,none,not_applicable,false,calibration/biofilm_calibration/spatial/schema.py:SOURCES,derived,delete,"document_type with a controlled vocabulary, plus sha256","IT ESTABLISHED ONLY THAT SOMETHING WITH THAT ID WAS REGISTERED. An approval field could cite NIST_WATER -- a real id, resolving cleanly, and a cross-section table -- and pass. That is the 'belongs to another protocol' failure with nothing in the data able to see it. The registry now carries document_type against a shared vocabulary in physical_contract (APPROVAL_DOCUMENT_TYPES) and sha256, and the approval check requires the resolved row to be an approval kind with a url or digest. The three existing rows are declarations and were backfilled as such; none is a retrieved file, so their digests are genuinely absent rather than unknown. NOTE the target is the SPATIAL BRANCH registry, not data/sources.csv, which no calibration code reads by design."
LEDGER-GUARD-01,calibration/tests/test_claims_ledger.py,coverage claim,The claims-ledger guard checks 30 of the 34 `delete` claims.,model_output,30 of 34,count,false,true,calibration/tests/test_claims_ledger.py,derived,requalify,"Report DETECTION against a document known to contain the claims, not phrase count","IT COUNTED ROWS THAT YIELD A SEARCHABLE PHRASE, NOT ROWS THE GUARD CAN FIND. Real coverage is 20 of 34. An external review (Codex, PR #11) raised the mechanism as P1: the ledger records claims as prose ('using DifferentialEquations.jl') while the sources carry markup ('using \\texttt{DifferentialEquations.jl}' in LaTeX, backticked in the Markdown derivative), so a raw substring search misses a claim restored the way anyone would write it. Measured against the pre-revision originals, normalising markup lifts detection from 12 to 15 of 30 in the .tex and 15 to 20 of 30 in the .md. MY FIRST ATTEMPT TO MEASURE THE DAMAGE WAS ALSO WRONG and nearly produced a second false conclusion: I ran the guard against HEAD~2 of the old .tex and got 1/30, which is the ALREADY-REVISED file, never a valid control. The conclusion that the current manuscript carries none of the deleted claims still stands, because it was verified separately against the RENDERED text via pdftotext, where markup does not survive. The guard was broken; the manual check was not."
LEDGER-GUARD-02,calibration/tests/test_claims_ledger.py,negative control,The guard is calibrated against a document known to contain the deleted claims.,repository_fact,detects 20; floor 18,count,true,true,calibration/tests/test_claims_ledger.py,derived,keep,,"A CHECK THAT CANNOT FAIL IS NOT A CHECK, and the first version of this guard could not. test_no_deleted_claim_survives_in_the_manuscript passes when it finds nothing, which a broken guard also does. The control runs it against the manuscript as first committed (5980dc5), the one document known to contain the claims, and requires at least 18 detections: measured 20 with markup normalisation, against 15 without, so a regression to raw substring matching fails here rather than silently halving the guard. Verified directly - 20 survivors reported against the pre-revision manuscript, 0 against the current one."
LADDER-04,docs/calibration/morphology_rasterization_ladder.md,3.2 um row,The coarsest pitch preserving component size is 3.2 um.,numerical_result,3.2,um,false,true,calibration/biofilm_calibration/spatial/synthetic.py:_grid_shape,simulation_output,delete,Refuse a pitch that does not tile the declared extent; the answer is 1.6 um,"THE ROW WAS MEASURING A DIFFERENT BOX. 3.2 um does not tile the spheres' 24 um axis (7.5 voxels) and _grid_shape ROUNDED to 8, so the rasterised object was 48x48x25.6 um while the closed-form truth kept dividing by the declared 48x48x24. A 6.7% denominator shift was reported as rasterisation error, in the one study whose entire purpose is to hold the object fixed and move only the sampling. Caught by external review (Codex, PR #9). A non-tiling pitch is now refused rather than rounded and the ladder NAMES the pitch it skipped. Component size moves 3.2 -> 1.6 um. SEE LADDER-06: this row originally made a blanket claim about how far the correction reached, which was wrong - the interface-area RANGE was also computed from the withdrawn row and moves to 0.467-0.510 across 8x. No blanket claim of that kind belongs in this row: the scope of 'unchanged' is exactly what went unchecked, and rewording the reassurance is how it survived two corrections."
OBS-01,coupling/biofilm_openmc/observer.py,plot_layer render branch,plot_layer renders every bundle layer with its declared colour rule.,capability,,,false,true,coupling/tests/test_observer.py,code,restate,The function raised NameError on its first rendering line; it rendered nothing,"CATEGORICAL and BOOLEAN are defined in viewer.py and were never imported into observer.py, so every call on a machine with a renderer raised NameError. Nothing caught it: pyvista is installed neither in CI nor in the dev environment, so all eight render tests SKIPPED and the suite reported green over a dead function. Caught by external review (Codex, PR #12). Fixed by the import plus a bare-tier test that resolves every global the render path uses, which fails without the import and needs no renderer."
REFD-05,calibration/scripts/reference_d_status.py,authorization_criteria,A criterion is unmet exactly when the gate has something to say about it.,capability,,,false,true,calibration/tests/test_reference_d_requirements.py,code,restate,"Unmapped refusals now fail criterion 6 and are named, instead of counting as met","authorization_criteria mapped approval.problems to the nine criteria by substring and treated a refusal matching no pattern as evidence for nothing - so it DEFAULTED TO MET. Adding the approved_protocol_version check to the gate therefore produced a refusal the milestone could not see: verified by running it, the gate refused while 0 of 9 criteria were unmet, i.e. the institutional biosafety milestone read AUTHORIZED over a live refusal. This is the inverse of REFD-04 and worse. Caught by external review (Codex, PR #12). A parametrized negative control now breaks each approval field in turn and requires every refusal to reach some criterion."
LADDER-05,calibration/scripts/rasterization_ladder.py,default pitches,The ladder names the pitch it skipped rather than dropping the row.,capability,,,false,true,calibration/tests/test_rasterization_ladder.py,code,restate,3.2 restored to the default; the slab evaluates it and the spheres refuse it by name,"THE CORRECTION FOR LADDER-04 WAS ITSELF WRONG. It removed 3.2 from the default --pitches, which is not the same as refusing it. Two losses: 3.2 tiles the SLAB and that axis-aligned control row vanished, and run_ladder only emits its skipped row for a pitch it is handed, so the promise that the ladder names what it skipped became unreachable in the same commit that made it. A pitch absent from the list is indistinguishable from a pitch nobody tried. Caught by external review (Codex, PR #12). The component_size 3.2 -> 1.6 um correction in LADDER-04 is unaffected and stands."
VIEW-03,coupling/biofilm_openmc/viewer.py,Layer.background,Categorical layers are thresholded at 0.5 to drop the background.,capability,0.5,,false,true,coupling/scripts/subvoxel_refinement.py,code,delete,The producer declares Layer.background; None means no cell may be hidden,"A blanket threshold at 0.5 deleted every zero-valued categorical cell. cell_id 0 is genuinely empty space, but the generation layer carries the note 'generation 0 is a founder, not a missing value' - the producer wrote the warning and the renderer ignored it, erasing the founding cohort from every picture of it. Caught by external review (Codex, PR #12). Background is now declared by the code that built the field; a layer that declares none is drawn in full."
VIEW-04,coupling/biofilm_openmc/viewer.py,Layer.occupancy_from,A layer that declares no background is drawn in full.,capability,,,false,true,coupling/scripts/subvoxel_refinement.py,code,restate,An ambiguous categorical layer names the layer that carries occupancy,"THE FIX FOR VIEW-03 OVERSHOT. export_checkpoint.jl zero-fills the generation array and skips unoccupied voxels, so generation 0 is BOTH a founder and empty space and no background VALUE can separate them: 0 deletes the founding cohort, None draws the void as generation-0 biomass. Caught by external review (Codex, PR #12) on the fix for VIEW-03. Layer.occupancy_from now names the field that says where biomass is, and plot_layer masks by it using the pre-existing observer.occupied_mask, which tests > 0 rather than != 0 because -1 marks the wall."
GATE-01,scripts/preflight_merge.sh,severity handling,The gate refuses a merge while any review thread is unresolved.,capability,,,false,true,scripts/test_preflight_merge.sh,code,restate,"Every severity blocks, including P3 and unranked","The first version listed P1|P2|UNRANKED as the failing cases, so a pull request whose only open thread was P3 printed 'Clear to merge' while contradicting the script's own documented contract. A check that could not fail, inside the check written to stop checks that cannot fail. Caught by external review (Codex, PR #12). Severity ranks what to fix first, not what may be ignored. The gate now ships with negative controls run in CI, including a synthetic unresolved P3, plus two positive controls so a gate that refused everything could not pass them."
VIEW-05,coupling/biofilm_openmc/viewer.py,bundle_problems occupancy validation,occupancy_from names the layer that carries occupancy.,capability,,,false,true,coupling/tests/test_observer.py,code,requalify,"A dangling, cross-grid or doubly-declared reference is refused at write time","Nothing validated occupancy_from, though the adjacent source_grid_id check has existed all along. A misspelt name FAILS OPEN: it returns the renderer to exactly the founder-versus-void ambiguity the field was added to resolve, silently. Now refused at write time for three cases - a name that is not a layer, a layer on a different grid (a mask must be cell-for-cell with what it masks), and a layer declaring both a background value and an occupancy layer. Caught by external review (Codex, PR #12)."
GATE-02,scripts/preflight_merge.sh,reviewThreads pagination,The gate refuses a merge while any review thread is unresolved.,capability,100,threads,false,true,scripts/preflight_merge.sh,code,requalify,Every page is walked; the query no longer stops at the first hundred threads,"reviewThreads(first:100) with no pagination made the gate FAIL OPEN past a hundred threads: unseen threads are indistinguishable from resolved ones, so a long-running pull request would have cleared while carrying unread findings. A gate that silently truncates its input is the same defect it exists to catch, and this repository's own rule is that a bounded scan must say what it dropped. Caught by external review (Codex, PR #12). Verified against PR #12 itself: 9 open threads seen, exit 1."
PILOT-07,coupling/scripts/openmc_nested_pilot.py,refuse_partial_publish,--publish refuses when the run stopped early.,capability,,,false,true,coupling/tests/test_pilot_seeding.py,code,keep,Guard is correct and unchanged; it now has the coverage it never had,"The only protection against a timed-out run overwriting the canonical evidence tables in data/calibration/ had NO TEST. It sat inside _report, which imports openmc on its first line and so cannot execute anywhere in the suite - the guard existed and had never once been exercised. Caught by external review (Codex, PR #12). Extracted to a module-level refuse_partial_publish and tested over all four publish/stopped_early combinations, not only the refusing one, since a guard that raised unconditionally would also stop the bad case while making the pilot unpublishable."
VIEW-06,coupling/biofilm_openmc/observer.py,species_palette,The seven fixed colours mean the same organism never changes colour.,capability,,,false,true,coupling/tests/test_observer.py,code,restate,"One palette slot per id across the spanned range, not one per species present","THE FIXED-PALETTE INVARIANT WAS BROKEN BY THE FIXED-PALETTE CODE. species_legend correctly returns only the species present with their fixed colours, but passing those straight to the renderer with clim spanning the id range distributes them ACROSS it: for ids {1,2,7} three colours spread over six units, so species 2 drew in whatever fell at that fraction while the legend labelled it with the second palette entry - the picture disagreeing with its own key. Caught by external review (Codex, PR #12). The palette now covers the contiguous id range with half-unit padding, so each id sits in the middle of its own band. Tested as the invariant itself: the same organism must land in the same slot under different subsets."
TEST-01,coupling/tests/test_observer.py,bare-tier name resolution,The bare tier can fail on the render path that pyvista otherwise hides.,capability,,,false,true,coupling/tests/test_observer.py,code,restate,Checks LOAD_GLOBAL instructions instead of co_names heuristics,"THE CHECK WRITTEN TO CATCH UNRESOLVED NAMES COULD ONLY CATCH ONE. It filtered co_names - which mixes global lookups with attribute names - by requiring a name be UPPERCASE and an actual export of viewer.py. That matched the CATEGORICAL bug in front of it and nothing else: a misspelling like CATGORICAL is not a viewer export and occupied_maks is not uppercase, so both would pass while plot_layer raised NameError on any host with a renderer - the exact skipped surface the test claims to cover. Caught by external review (Codex, PR #12). Now reads LOAD_GLOBAL from the bytecode, which draws the distinction natively, over every function in the module rather than a hand-listed six, with a known-bad function proving it catches both misspelling shapes."
GATE-03,scripts/test_preflight_merge.sh,pagination control,The gate's negative controls exercise the gate.,capability,,,false,true,scripts/test_preflight_merge.sh,code,requalify,A fake gh emitting two pages covers the branch PREFLIGHT_FIXTURE bypasses,"The fixture hook that made the gate testable also hid the newest thing added to it: every control supplied an already-flattened response, so removing --paginate, $endCursor, pageInfo or the jq fold left all eight green. Caught by external review (Codex, PR #12), which is the second finding in a row against the merge gate itself. A fake gh on PATH now emits two pages with the only unresolved thread on page two; removing --paginate reproduces 'Clear to merge' over an open P1."
DRV-02,coupling/biofilm_openmc/drivers.py,scan preflight,scan() refuses an unsupported refinement before spending the histories.,capability,,,false,true,coupling/tests/test_mesh.py,code,keep,Correct and unchanged; a runner spy now proves the ordering,"The existing test called _biofilm_scan_mass DIRECTLY, so it passed whether the preflight loop existed or not - delete the loop and scan() reverts to running full transport before refusing, and nothing turns red. Caught by external review (Codex, PR #12). scan() is now driven with a spy runner that raises if reached; removing the preflight loop makes it fail."
PILOT-08,coupling/scripts/openmc_nested_pilot.py,t_critical_999,A one-draw scenario is not reported as distinguishable from zero.,capability,3.09,t,false,true,coupling/tests/test_pilot_seeding.py,code,keep,Correct and unchanged; extracted to module level and given controls,"With m outer draws the test has m-1 degrees of freedom, so one draw has none. Falling back to the normal critical value 3.09 understates the truth at every finite df - at df=1 it is 318.3, a factor of 103 - so a scenario with no degrees of freedom would be declared significant on a test that cannot be performed. The refusal was nested inside _report, whose first statement imports openmc, so it could have been deleted with no suite noticing. Caught by external review (Codex, PR #12). Note the control had to target the RIGHT regression: breaking the df<1 early return alone is invisible, because the table fallback also returns None; only substituting 3.09 exposes it."
REFINE-09,coupling/scripts/subvoxel_refinement.py,refuse_non_divisor_ratios,"Every ratio must divide the finest, checked before any transport.",capability,,,false,true,coupling/tests/test_pilot_seeding.py,code,keep,Correct and unchanged; extracted to module level and given both-direction controls,"The only protection against a non-divisor ratio pairing a 4x mass array with a 3x tally - a mismatch that surfaces only after the raytrace and histories are paid for. It sat in main() below import openmc, unreachable from every suite here. Caught by external review (Codex, PR #12). Tested in both directions, since a guard refusing everything would also stop 1,2,4, the ladder the study runs."
VIEW-07,coupling/biofilm_openmc/observer.py,species_palette empty legend,species_palette returns a colormap and limits for a species layer.,capability,,,false,true,coupling/tests/test_observer.py,code,requalify,An all-background layer returns the full palette instead of raising,"A species layer of pure background has no ids present, so species_legend returns [] - which the existing out-of-range test already permits - and min() over nothing raised ValueError before the layer could draw. A viewer that crashes on an empty snapshot cannot show that the snapshot is empty, which is a thing a reader needs to see. Caught by external review (Codex, PR #12) on the palette fix from the previous round."
REFD-06,calibration/scripts/reference_d_status.py,criterion 7 unset matching,A criterion is unmet exactly when the gate has something to say about it.,capability,,,false,true,calibration/tests/test_reference_d_requirements.py,code,restate,"Criterion 7 matches the three date fields by name, not a bare 'is unset'","MISDIRECTION, NOT SILENCE. approval.problems emits '<field> is unset' for the three dates AND for approval_source_id and approval_scope_hash, and criterion 7 matched the bare phrase - so an approval with no registered document reported criterion 7, ABOUT DATES, as its blocker while criterion 8, about provenance, stayed green. Whoever read that milestone would have gone to fix a date that was never the problem. Caught by external review (Codex, PR #12). Criterion 7 now names the three date fields and approval_source_id maps to criterion 8. The first version of the control did not catch this: asserting the RIGHT criterion is present does not detect an EXTRA one, and it passed against the restored bug. It now also asserts the criteria that are not implicated stay met."
VIEW-08,coupling/biofilm_openmc/observer.py,empty species mesh,"species_palette is empty-safe, so an all-background layer renders.",capability,,,false,true,coupling/tests/test_observer.py,code,restate,plot_layer skips add_mesh on a zero-cell dataset and says so on the canvas,"THE EMPTY-PALETTE FIX ONLY MOVED THE CRASH ONE LINE DOWN. Thresholding an all-background layer leaves a dataset with zero cells and add_mesh rejects it, so the ValueError became a PyVista error instead. The bare-tier control exercised species_palette([]) rather than plot_layer, verifying the fix one level below where it failed. Caught by external review (Codex, PR #12)."
TEST-02,coupling/pyproject.toml,render tier coverage,The bare tier exercises the whole observer contract; only rendering is gated.,capability,8,skipped tests,false,true,.github/workflows/coupling-tests.yml,code,requalify,pyvista is a dev dependency and CI runs the render tier under xvfb,"EIGHT SILENT SKIPS HID THREE REAL DEFECTS IN ONE SESSION: a NameError on the first line of the render branch, a species palette that mis-slotted every id under an uneven subset, and a crash on an empty field. Each was found by external review rather than by the suite, because pyvista was installed nowhere that ran it and 'N skipped' reads as a neutral fact. pyvista is now in the dev extra and CI runs the tier under xvfb with -rs so the skip list stays visible. Local result: 241 passed, 6 skipped, and all six remaining skips are openmc, not the renderer."
REFD-07,calibration/scripts/reference_d_status.py,criterion classification,A criterion is unmet exactly when the gate has something to say about it.,capability,,,false,true,calibration/tests/test_reference_d_requirements.py,code,restate,"Each problem is classified by the field it is ABOUT, not by substrings of the concatenation","AN IDENTIFIER COULD MANUFACTURE A DATE BLOCKER. Matching patterns against ' '.join(problems) meant any echoed field value could trip an unrelated criterion: approval_source_id='expired' produced a provenance-only refusal whose text contained the word, and criterion 7 - about dates - fired on it. Caught by external review (Codex, PR #12), one step beyond the REFD-06 fix. Every message is now classified individually by the field named at its head, with only genuine cross-field sentences matched by phrase, and approval_scope_hash splits by message: unset means nothing binds the row (criterion 2) while a mismatch means the approval no longer covers it (criterion 6)."
PILOT-09,coupling/scripts/openmc_nested_pilot.py,resolve_output_dir,--publish refuses when the run stopped early.,capability,,,false,true,coupling/tests/test_pilot_seeding.py,code,keep,"The refusal is now the only route to the canonical directory, not a separate statement","Testing refuse_partial_publish alone proved the predicate and not the wiring: deleting its call left every test green while _report reopened data/calibration/ in write mode after a budget-exhausted run. Caught by external review (Codex, PR #12). The guard and the target now live in one function, so the canonical directory cannot be obtained without passing the refusal."
PILOT-10,coupling/scripts/openmc_nested_pilot.py,distinguishable_from_zero,A one-draw scenario is not reported as distinguishable from zero.,capability,,,false,true,coupling/tests/test_pilot_seeding.py,code,keep,"The verdict itself is tested, not only the critical-value table","t_critical_999(0) is None proves the table; it does not prove the None reaches the verdict. Swapping the call site back to the 3.09 fallback left every table-level test green while a one-draw scenario became reportable as significant. Caught by external review (Codex, PR #12). The verdict is now one function taking (e2, se, m); the case that matters is m=2 with se=1.0, which must FAIL because at one degree of freedom the critical value is 318.3 rather than 3.09."
REFINE-10,coupling/scripts/subvoxel_refinement.py,ratio refusal ordering,"Every ratio must divide the finest, checked before any transport.",capability,,,false,true,coupling/tests/test_pilot_seeding.py,code,restate,"The check now runs before import openmc, so the refusal is genuinely early","THE GUARD WAS NOT EARLY AND THE HELPER TEST COULD NOT TELL. refuse_non_divisor_ratios sat BELOW import openmc and below load_snapshot, so a bad ratio was discovered only once the heavy stack was up - and never in this tier, because the import fails first. Caught by external review (Codex, PR #12). Ratio parsing needs nothing but the argument string, so it moved above the import; main() is now driven directly with 1,3,4 and the control fails both when the call is deleted AND when it is moved back below the import."
GATE-04,scripts/test_preflight_merge.sh,cursor contract,The pagination control exercises real pagination.,capability,,,false,true,scripts/test_preflight_merge.sh,code,requalify,The fake refuses a query missing $endCursor or pageInfo before emitting page two,"The fake emitted page two on seeing --paginate alone, so deleting $endCursor or the pageInfo selection left the control green while real pagination silently stopped - the same fail-open shape the pagination fix existed to close, reproduced inside its own test. Caught by external review (Codex, PR #12), the third finding against the merge gate. Removing either element now fails the control."
REFD-08,calibration/scripts/reference_d_status.py,phrase override ordering,Each problem is classified by the field it is about.,capability,,,false,true,calibration/tests/test_reference_d_requirements.py,code,restate,Relation phrases are matched only AFTER the field is identified,"THE SAME HOLE ONE SIZE SMALLER. The scope-mismatch phrase was tested BEFORE reading the message head, so approval_source_id = 'does not match the conditions' produced a provenance-only refusal that the checklist reported as criterion 6, leaving criterion 8 met. An echoed identifier could still redirect the institutional checklist. Caught by external review (Codex, PR #12) on the fix for REFD-07. A phrase may now narrow a message already known to be about a field; it may never decide which field a message is about."
GATE-05,scripts/test_preflight_merge.sh,cursor binding,The pagination fake enforces the GraphQL cursor contract.,capability,,,false,true,scripts/test_preflight_merge.sh,code,restate,"The fake requires after:$endCursor on the connection, not just the declaration","Checking that $endCursor appeared ANYWHERE was satisfied by the variable declaration alone: remove the after: binding from the connection and cursor updates cannot advance reviewThreads, so the real gate sticks on page one while the control stays green. Codex verified this by removing only the binding and observing all nine controls pass. Fourth finding against the merge gate."
REFD-09,calibration/scripts/reference_d_status.py,condition id quoting,Each problem is classified by the field it is about.,capability,,,false,true,calibration/tests/test_reference_d_requirements.py,code,restate,"The prefix strip handles both repr quote styles, so the id cannot steer the checklist","THE IDENTIFIER WAS DATA THAT COULD STEER THE VERDICT. approval.problems formats the growth condition id with !r, and Python switches to double quotes when the value contains an apostrophe - so an ordinary id like ""O'Brien-1"" produced a prefix the classifier's regex could not strip. The head became the word 'condition', nothing classified, and an unset source id was reported as a scope failure plus an UNMAPPED refusal. Caught by external review (Codex, PR #12), the third successive narrowing of the same defect: values reaching a decision they should have no part in."
REFD-10,calibration/biofilm_calibration/approval.py,Refusal.subject,Each problem is classified by the field it is about.,capability,4,narrowing fixes,false,true,calibration/scripts/reference_d_status.py,code,delete,approval.classified carries the subject; nothing parses the prose,"FOUR FIXES NARROWED ONE DEFECT WITHOUT CLOSING IT. The checklist recovered each refusal's field by stripping a 'growth condition <id>' prefix and taking the first token. It failed on an echoed field value matching a criterion pattern; then on a longer echoed value impersonating a relation phrase; then on an apostrophe flipping repr to double quotes; then on an id containing BOTH quote characters, which repr must escape and no delimiter pair can bracket. Each fix was correct and each left the shape intact one size smaller, because the defect was never the regex - it was asking a sentence built from unrestricted CSV data to say which field it was about. Caught across four rounds of external review (Codex, PR #12), which recommended the structural fix. approval.classified now returns Refusal(subject, text) and problems() is derived from it, so the two cannot disagree and a condition id is data again. Verified: fourteen single-field breakages give identical correct verdicts under gid 'GC1' and under gid O'Brien ""lab""."
PILOT-11,coupling/scripts/openmc_nested_pilot.py,resolve_output_dir,The refusal is the only route to the canonical directory.,capability,,,false,true,coupling/tests/test_pilot_seeding.py,code,restate,"The guard is on the DESTINATION, not on the --publish flag","IT WAS NOT THE ONLY ROUTE. --publish is one way into data/calibration/; --outdir data/calibration is another, and it reached the canonical tables without passing any check at all - so a budget-exhausted run could still overwrite published evidence with partial rows, which is exactly the loss the refusal exists to prevent. Caught by external review (Codex, PR #12) on the fix from PILOT-09. A flag is a proxy for the thing that matters; the directory IS the thing that matters. The check now resolves the target and refuses it, along with any subdirectory of it, by whichever route."
PILOT-12,coupling/scripts/openmc_nested_pilot.py,refuse_incomplete_scenarios,A partial scenario set must not replace a complete one.,capability,,,false,true,coupling/tests/test_pilot_seeding.py,code,restate,"The completeness check keys on the destination, like the stopped-early check","THE SAME MISTAKE TWICE IN ONE FUNCTION. PILOT-11 moved the stopped-early guard onto the destination and left the OTHER publication prerequisite on args.publish - so a COMPLETED run with --outdir data/calibration and no --publish passed both: the stopped-early check because nothing stopped early, the completeness check because the flag was false. It would then overwrite the canonical CSVs with the default partial scenario set, dropping the rows that published claims cite. Caught by external review (Codex, PR #12). Both prerequisites now route through writes_canonical_tables(args)."
VIEW-09,coupling/biofilm_openmc/viewer.py,Layer.background default,background=None means every cell carries information.,capability,,,false,true,coupling/tests/test_observer.py,code,restate,UNDECLARED is the default and is refused; None must be stated deliberately,"OMISSION ACQUIRED A SEMANTICS. Making None both the default AND the statement 'hide nothing' meant a producer who simply forgot made that claim silently - and two did: omega_b drew its false cells as part of the metric's region, and the upsampled cell_id_on_r* overlay grew a shell of empty space. Neither was hand-written for a test, which is why every fixture-based test passed. Caught by external review (Codex, PR #12), which also asked for coverage of the PRODUCED manifest rather than a resembling fixture. UNDECLARED is now the default and bundle_problems refuses it; an AST check reads the producer itself so a new layer cannot omit the declaration."
VIEW-10,coupling/biofilm_openmc/viewer.py,occupancy encoding,occupancy_from names the layer that says where biomass is.,capability,,,false,true,coupling/tests/test_observer.py,code,requalify,"The occupancy source must declare background 0, the one encoding the mask implements","A MASK IS NOT A UNIVERSAL READER OF ABSENCE. occupied_mask tests > 0, which encodes one convention: 0 empty, negatives out-of-domain sentinels (cell_id 0 background, -1 wall). occupancy_from was validated for existence and for grid but never for ENCODING, so a source declaring background = -1 - meaning label 0 is valid data - would have had every zero-valued cell silently deleted by the one piece of code that depends on that declaration. Caught by external review (Codex, PR #12) on the fix for VIEW-05. Refusing an unsupported encoding is honest; rendering the wrong cells quietly is not."
VIEW-11,coupling/biofilm_openmc/viewer.py,occupancy sentinel contract,"The occupancy source must declare background 0, the encoding the mask implements.",capability,,,false,true,coupling/tests/test_observer.py,code,restate,Both halves are validated: background 0 AND no negative other than -1,"I VALIDATED HALF OF A TWO-PART CONTRACT AND TESTED IT WITH DATA THAT COULD NOT EXERCISE THE OTHER HALF. background = 0 says which value is empty; it does not say every negative is a sentinel, and Layer.background cannot, since it names ONE value. The mask tests > 0, so a source using -7 as legitimate data loses those cells silently. The parametrized control used an all-zero array, so the negative half was never touched - the same shape as testing a helper and calling the guard covered. Caught by external review (Codex, PR #12) on the fix for VIEW-10. OUT_OF_DOMAIN moved to viewer.py beside the Layer that validates against it, and observer.WALL is now an alias so the two cannot drift."
LADDER-06,docs/calibration/morphology_rasterization_ladder.md,the finding,Interface-area error sits at 0.41-0.51 across a 16x range.,numerical_result,0.41-0.51,relative error,false,true,artifacts/ladder/rasterization_ladder.json,simulation_output,restate,"0.467-0.510 across an 8x range, over the pitches that tile","BOTH HALVES OF THE PUBLISHED RANGE CAME FROM THE WITHDRAWN ROW. 0.41 is the 3.2 um error and 16x is 3.2 -> 0.2. LADDER-04 withdrew that row and I audited only its own headline, twice, leaving a dependent figure contradicting the correction printed beside it. Caught by external review (Codex, PR #12). Over the pitches that tile the error is 0.467-0.510 across 8x - a NARROWER spread over a SHORTER range, so the conclusion is unchanged and slightly stronger: the error moves less than was reported while still refusing to fall. Withdrawing a row means auditing everything computed from it."
RDX-APP-01,correspondence,"author correspondence, 2024-10/2024-11",EPS and melanin applied to fruit and seeded vegetables protect against UV as a natural sunscreen and help maintain optimal water activity in drought or heavy rain.,extrapolation,,,false,false,,absent,must_not_be_claimed,melanin yield per Gy; film thickness; a UV transmittance spectrum; an a_w sorption isotherm; a produce assay,"NOTHING IN THIS REPOSITORY BEARS ON IT. The CPM has no yield, no film, no optical property and no water-activity term; 'water activity' and 'sunscreen' appear in zero files. The melanin PRODUCTION rates are separately ledgered at PP-T2-18/19/20 and are all needs_calibration, so even the input this would rest on is uncalibrated. Recorded because an application stated in correspondence is exactly the kind of claim that reaches a paper or a grant without ever being challenged."
RDX-APP-02,correspondence,"author correspondence, 2024-10/2024-11","D. radiodurans EPS binds or chelates Th-232, as shown in the AM7 paper.",literature_prior,,,false,false,,primary_literature,needs_verification,resolve the cited source and record it in data/calibration/spatial/sources.csv with a url or sha256,"THE CITATION IS NOT RESOLVABLE FROM WHAT WE HAVE. 'AM7' names no entry in the source registry, and 'chelat' appears in zero files. Thorium IS discussed in the repository, which makes this the more dangerous kind of gap: a real neighbouring topic that an unresolved attribution can attach itself to. Attribution to a paper nobody has retrieved is not evidence - the same rule the approval gate applies to institutional documents."
RDX-APP-03,correspondence,"author correspondence, 2024-10/2024-11",Bioactives including betaine and proline could be harvested from the consortium.,extrapolation,,,false,false,,absent,must_not_be_claimed,"titres, an extraction route, and a reason the CPM's biomass parcels bear on either compound","Both are osmolytes and neither is a modelled quantity; 'betaine' and 'proline' appear in zero files. The model carries species labels and biomass parcels, not metabolites, so there is no quantity here that could become a titre without a different model."
RDX-APP-04,correspondence,"author correspondence, 2024-10/2024-11",Growth factors such as NGF and BDNF might eventually be produced and isolated.,extrapolation,,,false,false,,absent,must_not_be_claimed,"a heterologous expression programme, a host, a construct, and an isolation route - none of which is a biofilm morphology question","NGF and BDNF are mammalian neurotrophins. Producing them in a bacterial and fungal consortium is a protein-expression project that shares no premise with this model, not an extension of it. 'BDNF' appears in zero files. Recorded rather than dismissed because the distance between a model and a product claim is exactly what a ledger is for."
RDX-APP-05,correspondence,"author correspondence, 2024-10/2024-11","Melanin activity can be measured, and the biofilm can be shown to do what we want it to.",extrapolation,,,false,false,,absent,needs_calibration,"a declared assay, and a dynamic observable the model actually represents","The second half is the load-bearing one and it names no observable. 'Does what we want' is not a measurable proposition, and the repository already refuses this shape elsewhere: gate 9 of the online coupling design blocks seconds-per-MCS on a DECLARED dynamic observable for the same reason. PP-T2-18/19/20 gate the melanin RATES; this row gates reading them as a product claim."
RDX-APP-06,correspondence,"author correspondence, 2024-10/2024-11",A radiotrophic biofilm is economically feasible as a production platform.,extrapolation,,,false,false,,absent,must_not_be_claimed,"any measured yield at all, plus energy, containment and labour costs against a declared product","There is no measured effect to build an economic case on. delta is unset, Reference D is NOT_EVALUATED, CAMPAIGN_READY is no, and the pilot's own verdict is that the effect moves with tally resolution and with region definition. An economic argument resting on that would be certifying the noise that produced it."
RDX-PKG-01,correspondence,"author correspondence, 2024-10/2024-11",A Julia package Radiodialysis.jl would provide a usable radiodialysis model.,software_capability,,,false,true,analysis/verify_radiodialysis_stability.py,code,must_not_be_claimed,fix the units error first: X_total is a site fraction and must become a concentration; then declare the membrane m-vs-P_eff constitutive choice,"THE REPOSITORY'S OWN GATE ALREADY ANSWERS THIS. materials/report.evaluate() returns RADIODIALYSIS: BLOCKED unconditionally, and says why: 'blocked by a units error, not by missing data'. A measured rho_wet and w_water CANNOT be plumbed into a field that is still a site fraction, so no amount of measurement clears it - the model change comes first. A STOP CONDITION additionally forbids OpenMC dose entering the radiodialysis model until m vs P_eff is declared. Packaging it now would package a model this repository says is not ready, with the package name asserting the opposite. SEPARATELY, the same correspondence asked whether a gamma GRADIENT can be introduced in a bioreactor at all. That is an open question and is recorded here as one; it must not become a claim by sitting next to claims."
VIEW-12,coupling/biofilm_openmc/observer.py,species rendering,"Out-of-range species ids are dropped, not coloured.",capability,,,false,true,coupling/tests/test_observer.py,code,requalify,"plot_layer masks to the legend's range, so what is drawn is what the legend describes","THE LEGEND DROPPED THE LABEL AND THE PICTURE KEPT IT. species_legend filters an id outside 1..7 and a bare-tier test asserted exactly that - but plot_layer passed the whole occupied dataset to add_mesh, so a cell labelled 9 still rendered, in whatever colour its value landed on, with nothing in the key to explain it. The legend test and the picture disagreed and only the legend was ever checked. A viewer showing an organism it cannot name is worse than one showing fewer cells, because the reader counts it. Caught by external review (Codex, PR #12). The legend's own span is the valid range by construction, so thresholding to it drops exactly what the legend dropped and nothing else; the control now drives plot_layer and counts rendered cells."
VIEW-13,coupling/biofilm_openmc/observer.py,species legend source,What is drawn is what the legend describes.,capability,,,false,true,coupling/tests/test_observer.py,code,restate,"The legend is built from the cells that survive masking, not from the raw field","TWO INDEPENDENT DERIVATIONS OF ONE FACT. species_legend read the raw array while the mesh was built from the occupied cells, and they agreed only while no producer declared a background inside the species range. With values {1,9} and background 1 the raw field still offered species 1 to the legend though occupied had dropped it, so the resulting bounds selected NOTHING and add_mesh was handed the empty dataset it rejects. With {1,2} and background 1 the same gap instead listed species 1 in a picture that does not contain it. Caught by external review (Codex, PR #12), immediately after the VIEW-12 fix that closed the out-of-range half of the same split. The legend now reads occupied's own cell data: one source, so they cannot disagree."
LADDER-07,calibration/scripts/rasterization_ladder.py,coarsest_passing,"The coarsest pitch inside tolerance, and inside it at every finer pitch.",capability,,,false,true,calibration/tests/test_rasterization_ladder.py,code,restate,A refused pitch is excluded from the convergence tail instead of counting as a failure,"ABSENCE OF AN OBSERVATION WAS READ AS AN OBSERVATION OF FAILURE. A refused rung carries no within_* key, and row.get(key, False) made it indistinguishable from a measurement that missed tolerance - breaking the tail beneath it. Inserting a non-tiling 1.4 between 1.6 and 0.8 dragged component size from 1.6 to 0.8 with neither valid measurement changed. The default ladder hid it because its only skipped pitch, 3.2, sits at the coarse END with no tail below it. Caught by external review (Codex, PR #12). SEPARATELY, this function computed a running result in a first loop and DISCARDED it, returning a value from a second unfiltered loop - so the first fix changed nothing and the test failed with the correction apparently in place. The dead loop is gone. Published figures are unchanged: 0.8, 0.4, never, 1.6."
RDX-APP-07,correspondence,"author correspondence, 2024-10/2024-11",A Colletotrichum challenge assay is the decisive test for the produce-coating claim in RDX-APP-01.,extrapolation,,,false,false,,primary_literature,needs_verification,"read the registered sources in full, then establish which Colletotrichum species dominate postharvest anthracnose on the named crops - that part was NOT searched","SHARPER THAN THE UV TEST THE CORRESPONDENCE PROPOSED, and capable of falsifying the claim outright. Colletotrichum is an anthracnose genus on high-water-activity fruit, the produce class RDX-APP-01 names. Sources LUDWIG_2014_CGRAM_MELANIN, CGLOEO_2023_DHN_TURGOR, CGSCD1_2020_PATHOGENICITY and CHIGG_2023_PKS_THR1 are registered but were reached at ABSTRACT LEVEL ONLY; the crop-dominance question was not searched at all, because web access was cut off mid-task. needs_verification, not supported - the row records a research direction, not a result."
RDX-APP-08,correspondence,"author correspondence, 2024-10/2024-11","Melanin applied to produce is protective, acting as a natural sunscreen.",extrapolation,,,false,false,,primary_literature,must_not_be_claimed,"evidence that EXOGENOUS melanin protects produce - not searched, and not implied by anything below","THE NEAREST LITERATURE RUNS THE OTHER WAY. In Colletotrichum, DHN-melanin pathway knockouts ATTENUATE PATHOGENICITY across two species (CGSCD1_2020_PATHOGENICITY; CHIGG_2023_PKS_THR1), so melanin in this system is a fungal virulence requirement rather than a plant protectant. That does NOT show applied melanin helps a pathogen - appressorial melanin is synthesised in situ in a specific wall layer and exogenous material is unlikely to substitute - but it removes the intuition the claim rests on. Same pathway already ledgered at PP-T2-20 (A. niger, DHN-melanin). CORRECTION TO MY OWN SUMMARY: I first described melanin as letting the appressorium build turgor to punch through the cuticle. That is the Magnaporthe account; LUDWIG_2014_CGRAM_MELANIN specifically contradicts it for C. graminicola (albino mutants generated turgor but could not penetrate intact leaves), while CGLOEO_2023_DHN_TURGOR reports expansion pressure falling from 13.02 to 7.34-9.34 MPa in knockouts. The two disagree on mechanism; only the pathogenicity claim survives both, and only that is relied on here."
RDX-APP-09,correspondence,"author correspondence, 2024-10/2024-11",Adding a phytopathogen to the seven-species consortium is covered by the existing approval scope.,extrapolation,,,false,false,,absent,must_not_be_claimed,identify the actual instrument before any such proposal; a USDA APHIS PPQ 526 permit is the SUSPECTED route and was NOT verified,"A DIFFERENT AUTHORIZATION, NOT A LARGER ONE. The approval gate is scoped to the seven-species consortium and follows strains rather than species, so a plant pathogen falls outside it by construction and not by degree. The specific US instrument was NOT verified - web access was cut off before that search - so this row asserts only that the existing scope fails to cover it, which follows from the gate's own scope digest without needing any external source. Recording Colletotrichum as a TEST organism proposes culturing nothing; adding it to SPECIES_LABELS or to any model is the thing this row refuses."
HANDOUT-01,preprint/wan_meeting_handout.tex,page 1 architecture diagram (solver box); page 3 'The bridge',"The solver's sorption term is k_ads c (X_max - X) - k_des X, and the bench isotherm enters it as X_max = q_max * rho_dry",proposed_formalism,,,not_applicable,false,"biofilms_radiodialysis.R:10-13,86,132",absent,delete,"a capacity-ceiling term in the sorption sink, which is a MODEL CHANGE; until it exists no q_max maps to any solver parameter","NOT DISTRIBUTED. CORRECTED 2026-08-28: an earlier version of this row recorded 'DISTRIBUTED 2026-08-24 (Monday), to one external collaborator' -- that is false and is withdrawn. The handout has gone to nobody. What was sent on 2026-08-25 was the manuscript, which states these forms correctly in section 3.11, so no distributed document ever carried this claim and the handout carries no correction block. The claim below was still wrong and the delete verdict stands on the claim, not on its circulation. This is the manuscript's OWN target equation, drawn inside the box labelled THE SOLVER: section 3.11 states S = k_ads c (X_max - X) - k_des X as what 'recovering Langmuir requires', explicitly contrasting it with the implemented form. The shipping term is (k_ads*X_total + k_red*X_red)*c - k_des*s -- first-order in c, no site limitation, a Henry isotherm -- so there is no X_max in the code for q_max*rho_dry to enter, and the diagram's arrow crossed a gap that is not bridged. tests/manuscript_claims_tests.jl:160-168 already asserts X_max, q_max and Langmuir appear in none of the nine SIM_FILES, with a planted-hit control; that guard covers the code, not this handout, which is how the claim got out. AUDIT OF DEPENDENTS: nothing numeric was derived from it. The three other artifacts carrying the same claim all state it correctly -- manuscript section 3.11, wan-deck.tex:215 ('That is Henry kinetics, not Langmuir: there is no q_max or saturation term in the model'), and the tailored CV's Biofilms bullet -- so the handout diverged from all three rather than propagating an error into them. FIXED 2026-08-28: diagram now shows the shipping term and labels it 'Henry --- no capacity ceiling'; page 3 heading 'The bridge' became 'Where the number would land' and carries an explicit 'This is not yet a bridge'. No marked correction block: that obligation attaches to a document that carried the claim to someone, and this one did not. ENFORCEMENT 2026-08-28: the guard no longer filters on claim_id.startswith('PP-'); test_no_deleted_claim_survives_in_the_document_it_names resolves each row's document column and searches THAT file, so this row is now read against the handout. PARTIAL FOR THIS ROW, AND SAID SO: the guard matches prose, and this claim is an equation -- normalise_markup reduces X_{\max} to a bare 'x' -- so HANDOUT-01 is reported in the coverage output as not textually detectable and stays with a human. HANDOUT-02 is detectable and test_the_guard_detects_the_handout_claims requires it to be found in the pre-correction handout at 9319d43. SCOPE OF THIS VERDICT: it is the Langmuir sorption term in the box labelled THE SOLVER, and the framing of the unit conversion as a bridge into that solver. The conversion X_max = q_max*rho_dry is arithmetically correct and still appears on page 3 deliberately, under 'Where the number would land' and above the sentence saying there is no X_max in the code for it to enter."
HANDOUT-02,preprint/wan_meeting_handout.tex,"page 2, Material and Controls",Metabolic control --- azide or a temperature shift; heat/azide-killed biomass is standard in this literature,design_principle,,,not_applicable,not_applicable,,declared,delete,temperature shift only; a reagent that alters the speciation of the analyte cannot serve as a control for uptake of that analyte,"NOT DISTRIBUTED. CORRECTED 2026-08-28: an earlier version of this row recorded 'DISTRIBUTED 2026-08-24 (Monday), to one external collaborator' -- that is false and is withdrawn. The handout has gone to nobody. What was sent on 2026-08-25 was the manuscript, which states these forms correctly in section 3.11, so no distributed document ever carried this claim and the handout carries no correction block. The claim below was still wrong and the delete verdict stands on the claim, not on its circulation. Same document as HANDOUT-01. Sodium azide is a ligand that complexes transition metals and shifts speciation, so it perturbs the quantity the ICP reads and confounds the measurement it was meant to control. This was already settled and already written down correctly in wan-deck.tex:153-155 ('Not sodium azide: azide is a ligand that complexes transition metals and shifts speciation, confounding the measurement it is meant to control'); the handout contradicted the deck, so this is a divergence between two artifacts prepared for the same meeting, not a new determination. It appeared twice -- once as a killing method ('heat/azide-killed') and once as the metabolic control ('azide or a temperature shift') -- and both are corrected. FIXED 2026-08-28: both now read temperature shift / heat-killed only, with the reason stated inline. NOT INDEPENDENTLY RE-DERIVED HERE: this row records the prior determination and its repository witness, not a fresh review of the coordination chemistry."
LEDGER-GUARD-03,calibration/tests/test_claims_ledger.py,test_no_deleted_claim_survives_in_the_document_it_names,No claim marked `delete` survives in the document that carried it.,repository_fact,59 delete rows; 54 readable documents,count,true,true,calibration/tests/test_claims_ledger.py,derived,keep,,"THE GUARD DECIDED SCOPE FROM THE ID, NOT FROM THE DATA. It filtered claim_id.startswith('PP-') and read only the preprint, so all 25 `delete` verdicts on other documents -- HANDOUT-01 and HANDOUT-02 among them -- were carried by a test that searched a file those claims had never been in. It could not fail for them: rule 1. FIXED 2026-08-28: the `document` column resolves to a path (two aliases, `preprint` and `preprint_tex`, both the .tex; `README` is README.md) and each row is searched in its own document. `repository` and `correspondence` are declared pseudo-documents, and test_every_deleted_claim_names_a_document_the_guard_can_read fails on any other unreadable document so a typo or a rename cannot retire a verdict in silence. NEGATIVE CONTROLS, BOTH RUN: test_the_guard_detects_the_handout_claims requires HANDOUT-02 to be found in the pre-correction handout at 9319d43, and reintroducing 'heat/azide-killed biomass is standard in this literature' into the working copy made the survivor test fail with exactly that row, then pass again on revert. The manuscript floor of 18 detections is unchanged at 20. COVERAGE IS STILL PARTIAL AND STILL NAMED: HANDOUT-01's claim is an equation and normalise_markup reduces LaTeX maths to nothing searchable, so it is printed in the coverage report as needing a human rather than counted as covered."
FIG-01,preprint/figures/fig2_melanin_accumulation.pdf,in-plot footer annotation,"C. neoformans, C. sphaerospermum are radiotrophic (melanin-mediated energy gain)",model_output,,none,not_applicable,true,biofilms_potts.jl:2191,simulation_output,delete,Regenerate the figure from the corrected generator; the source fix alone does not move the artifact,"THE PROSE WAS AUDITED AND THE IMAGE WAS NOT. This annotation asserts radiotrophy inside a figure whose own caption disowns 'radiation-derived energy production' and against Section 2.6, 'Radiotrophy is not established for any of the seven species modelled'. It was not unnoticed: the generator was corrected on 2026-08-14 (d53f236, 01b0f4d) and the verdict was recorded three times (RM-G08-01, RM-G10-01, PP-65-08, the last stating in as many words that the committed PNGs still carry the old labels). The artifact went on saying it for two weeks because nothing could open a figure - the claims guard read one .tex file, and tests/runtests.jl splits the monolith above the '13. Figure export' marker so the Julia suite cannot reach export_figures at all. Fixed 2026-08-28 by regenerating from the corrected generator; the guard now reads a committed text sidecar with the PDF's sha256 pinned beside it, and the pre-correction artifact is a committed negative control."
FIG-02,preprint/figures/fig1_radial_stratification.pdf,in-plot shaded-band labels,radiotrophic niche; radiosensitive core,model_output,,none,not_applicable,true,biofilms_potts.jl:2096-2102,simulation_output,delete,Regenerate; the generator already emits neutral field labels,"Same defect as FIG-01, and the zone direction was reversed as well: I(r) is maximal ON THE AXIS, so the band labelled 'radiotrophic niche' was the LOW-radiation one (RM-G08-01, PP-65-08). NOT COVERED BY THE PHRASE GUARD: both labels are two words, under MIN_WORDS=5, so distinguishing_phrase returns nothing and this row can never be matched textually. Coverage is the RETRACTED_IN_FIGURES vocabulary floor instead, which is why that floor exists rather than being redundant with the phrase guard. Fixed 2026-08-28; the generator now emits 'inner high-radiation region' / 'outer lower-radiation region'."
FIG-03,preprint/figures/fig4_contaminant_penetration.pdf,in-plot annotation,c_mean is a percentage depleted,model_output,98,percent depleted,false,true,biofilms_potts.jl:2329-2330,simulation_output,restate,Rename to non-penetration in the figure label (done in source); the ARTIFACT cannot be regenerated while the radiodialysis basis gate holds,"The artifact half of RM-KR-06. c is initialised to zero everywhere, so the interior never held contaminant to deplete and the number measures non-penetration, not removal. The generator was corrected on 2026-08-28. THE FIGURE ITSELF IS STILL THE OLD ONE, and this is not an oversight: Figures 3 and 4 plot rd.c, rd.s and rd.m, which come from main_coupled(), and that path now refuses to run - 'RADIODIALYSIS: BLOCKED, refusing to integrate at X_total = 0.065', because a coupled basis is one species' occupied sites over all interior sites, neither a biomass nor a reducer fraction (README.md:344, tests/radiodialysis_basis_gate.jl). The refusal is correct and is not to be removed to regenerate a figure. Figures 1 and 2 WERE regenerated because they read only snapshot mean_r and mean_melanin, and neither the Hamiltonian nor update_melanin! reads state.nutrient, which is the only channel by which radiodialysis reaches the CPM state."
FIG-04,repository,preprint/figures/,A committed figure is a published artifact and was unreadable by every suite in the repository.,repository_fact,,none,not_applicable,true,calibration/tests/test_claims_ledger.py,code_inspection,keep,none,"Rule 1 on the repository's own output. Four defects, one shape: a verdict was reached, the source was fixed, and the artifact a reader actually opens was left carrying the retracted claim, with nothing able to fail. Closed 2026-08-28 by three tiers, each with a control: a sha256 per PDF pinned in stdlib so a regenerated figure with a forgotten sidecar fails instead of passing on stale-but-clean text; the phrase guard reading the sidecar as the document the row names; and a vocabulary floor for labels too short for MIN_WORDS. SEPARATELY, the pinned-SHA negative-control idiom was retired here. It was used three times (5980dc5, 9319d43, and a third that would have been e24dbec), each time acknowledging that a squash-merge makes the commit unreachable and degrades the control into a skip, and each time proceeding. The four controls are now committed files under calibration/tests/fixtures/ and cannot become unreachable. COVERAGE IS STILL PARTIAL: Manifest.toml is gitignored, so figure regeneration is not dependency-pinned and byte-identical output across machines is not claimed; and Figures 3 and 4 remain at their published state, named by FIG-03."
HOFFMAN-01,preprint/hoffman_memo.tex,"Page 2, The empirical fact","Biofilm developed on stainless steel and titanium coupons submerged in a spent nuclear fuel pool at a Spanish nuclear power plant and retained radionuclides from the pool water, Co-60 in particular.",literature_prior,,none,not_applicable,false,,literature,supported,none,"Verified 2026-08-28 against the PubMed abstract for PMID 17426994 (Sarro, Garcia, Moreno, Montero; J Ind Microbiol Biotechnol 34(6):433-441; doi 10.1007/s10295-007-0215-7). SCOPE CORRECTION MADE BEFORE THE CLAIM WAS WRITTEN: the secondhand brief this came from stated '34 months' and named the Cofrentes plant, and the abstract states NEITHER - it says only 'a Spanish nuclear power plant' and gives no duration. Both details were dropped rather than carried; they may be in the full text, which was not obtained. The retained claim is exactly what the abstract states."
HOFFMAN-02,preprint/hoffman_memo.tex,"Page 2, The empirical fact","Six bacterial species isolated from spent nuclear fuel pool water had D10 values from 248 Gy to 2 kGy and biofilm-forming capability, with biofilm-mediated Co and Ni removal up to 3.8 micrograms per mg of biomass.",literature_prior,,none,not_applicable,false,,literature,supported,none,"Verified 2026-08-28 against the Europe PMC abstract for PMID 29063404 (Karley, Shukla, Rao; Environ Sci Pollut Res 25(21):20518-20526; doi 10.1007/s11356-017-0376-5), which states both figures verbatim. ATTRIBUTION CORRECTED: the secondhand brief assigned the 3.8 ug/mg figure to the 2023 paper; it is in this 2018 one, and the first author is Karley, not Shukla."
HOFFMAN-03,preprint/hoffman_memo.tex,"Page 2, The empirical fact","Dead biomass of the same spent-fuel-pool isolates also removed cobalt and nickel, which is what a sorption mechanism predicts and a metabolic one does not.",literature_prior,,none,not_applicable,false,,literature,supported,none,"First clause verified 2026-08-28 against the Europe PMC abstract for PMID 37209244 (Karley, Shukla, Rao; Environ Monit Assess 195(6):731): 'dead biomass also showed significant removal of the two metal ions'. The second clause is INTERPRETATION, flagged as such by its wording ('is what X predicts') rather than asserted as a finding of that paper. NOT CARRIED: the same abstract reports accumulation 'in the range of 4 x 10-4 to 1 x 10-5 g/mg of cell biomass', which is dimensionally odd - 4e-4 g/mg is 40 percent of the biomass mass, and is two orders above the 3.8 ug/mg of the 2018 paper on the same isolates. The unit is probably g/g. It is not quoted anywhere because it is not resolvable from the abstract."
HOFFMAN-04,preprint/hoffman_memo.tex,"Page 3, closing note","No containment determination is asserted; containment follows strains, not species, and belongs to an institution.",design_principle,,none,not_applicable,true,AGENTS.md rule 6,repository_policy,keep,none,"AGENTS.md rule 6. The research brief behind this memo concluded BSL-2 and non-select-agent for the SPECIES, citing ASM. That is a species-level literature conclusion and the rule is explicit that biosafety follows strains. The memo therefore records the taxonomy and the CDC handling instruction and declares no level, no select-agent status, and nothing touching D-APPROVAL."
HOFFMAN-05,preprint/hoffman_memo.tex,"Page 3, heading and question list",Page 3 asks what the facility can supply rather than stating it.,design_principle,,none,not_applicable,false,,repository_policy,keep,none,"Deliberate, and a reversal. The draft this replaced asserted MURR's capabilities back to a MURR scientist - that it has no imaging beamline, that NAA is partial - from a secondhand research brief whose beamline inventory was single-sourced to a seminar abstract. Asserting a man's own facility to him from one unverified source is the same inference class this repository exists to refuse, and it would have been checkable by the reader in about a minute. The technique limitation that IS retained (activation methods not seeing the light elements) is marked as 'my reading of the technique, not of your facility'."
PP-V11-01,preprint,"Section 7.3, closing paragraphs","We record this as an observation about regime and available inputs, not as a proposed deployment.",design_principle,,none,not_applicable,false,,repository_policy,keep,none,"Written to satisfy PP-8-04, which ruled restate on the deployment register with the action 'Drop the deployment register ... The correct register is exploratory framework / theoretical formalism'. The added text makes a claim about REGIME - that a facility sits between the reactor Gy/min and environmental mGy/yr scales the manuscript already puts ten orders of magnitude apart - and about which inputs are obtainable there. It predicts nothing and proposes no deployment. The closing sentence states that the model is unchanged and only the setting for measuring its inputs differs."
PP-V11-02,preprint,"Ethics, Biosafety, and Regulatory Statement",Ochrobactrum intermedium was reclassified into Brucella; NCBI Taxonomy serves taxon 94625 as Brucella intermedia with Ochrobactrum intermedium as a synonym.,literature_prior,,none,not_applicable,false,,literature,supported,none,"Verified 2026-08-28 directly against the NCBI Taxonomy record for taxid 94625, which returns scientific name 'Brucella intermedia', lineage 'Brucellaceae; Brucella/Ochrobactrum group; Brucella', synonym 'Ochrobactrum intermedium', and attribution '(Velasco et al. 1998) Hordt et al. 2020'. Hordt 2020 verified via Crossref (Front Microbiol 11:468, doi 10.3389/fmicb.2020.00468). Oren and Garrity 2020 verified via Crossref (IJSEM 70(7):4043-4049, doi 10.1099/ijsem.0.004244) - NOTE that an initially guessed DOI for this reference resolved to an unrelated paper on Raineyella fluvialis and was discarded; the correct one was found by title search. CDC LOCS notice of 2022-12-19 verified to exist and to carry the Class II BSC handling instruction, the state-public-health referral, and the non-brucellosis designation."
PP-V11-03,preprint,"Ethics statement, procurement note","No culture-collection accession for AM7 was located in any repository searched, so the strain may be unobtainable.",repository_fact,,none,not_applicable,true,docs/research/radiotrophic_lab_gap.md:87,prior_search,needs_verification,"Repeat the accession search, or scope the sentence to the date and registries of the original search","Carried forward from the repository's own research record, which states it and holds procurement pending the determination. THE SEARCH WAS NOT REPEATED for version 1.1, so this is an absence finding inherited rather than confirmed. The manuscript sentence is scoped to 'any repository searched' rather than asserting the strain does not exist, which is the honest form of an unrepeated negative, but the scope of that search is not stated in the manuscript and should be."
PP-V11-04,preprint,Software and Data Availability,The sentence claiming none of the corrected numbers appears in this manuscript was deleted rather than narrowed.,repository_fact,,none,not_applicable,true,"AGENTS.md, Correcting a published number, step 5",repository_policy,keep,none,"Version 1.0 said 'None of those numbers appears in this manuscript, whose transport section reports the execution of a path rather than its results.' The version 1.1 figure correction IS in this manuscript, which disproves it. Step 5 says to DELETE such a sentence rather than reword it, because a paraphrase is the same claim - narrowing its scope to the earlier four would be exactly the move the rule names, and this repository has already corrected its own corrections twice by making it. The sentence is gone and the correction states what moved instead: five in-plot strings across two figures, no numerical value, and Figures 3 and 4 not regenerated."
HOFFMAN-06,preprint/hoffman_memo.tex,"Page 2, The stressor set","Hoffman's published work qualifies FeCrAl against high-temperature steam, hydrothermal water chemistry, and hydrogen-isotope permeation.",literature_prior,,none,not_applicable,false,,literature,supported,none,"VERIFIED 2026-08-29 against the author's own indexed record, three first-authored papers, one per stressor named: JOM 74(4) 2022 (oxidation resistance in 1200 C steam of a FeCrAl alloy fabricated by three metallurgical processes); Nucl. Mater. Energy 37, 2023 (hydrothermal corrosion of PVD and cold-spray Cr coatings on Zircaloy-4); Metall. Mater. Trans. A 53(3), 2022 (hydrogen isotopes permeation in clean or unoxidized FeCrAl alloys, a review, with Garud and Rebak). Two further steam papers cited in support: Corros. Sci. 209 (2022) on Al and 229 (2024) on Mo. IDENTITY VERIFIED SEPARATELY AND IT MATTERED: the Google Scholar profile is filed under Catalyst Science Solutions, not MURR, and the 2024 Materialia paper lists the affiliation as General Electric Co., Schenectady. A University of Florida NE seminar listing gives 'Andrew Hoffman, Ph.D., University of Missouri Research Reactor & Catalyst Science Solutions', which is what joins them. Attributing a publication record to a named recipient requires establishing it is theirs, and here two of three sources would not have."
HOFFMAN-07,preprint/hoffman_memo.tex,"Page 3, Radiation selects; it does not corrode","Microbiologically influenced corrosion is a chemical attack that happens to occur in a radiation field; its mechanisms work identically at background dose, and radiation's role is to select which organisms are present.",design_principle,,none,not_applicable,false,,primary_literature,keep,none,"MECHANISM FRAMING, AND THE CORRECTION THIS MEMO EXISTS TO NOT MAKE. Sulfide from sulfate reducers, redox shift from iron-oxidisers, differential aeration and chloride concentration under a film are all dose-independent. The alternative reading, that irradiation makes organisms corrosive, is a radiation-driven-metabolism claim of exactly the class section 2.6 retracts for radiotrophy, and it would have entered this memo through the framing rather than through a sentence. Stated in the memo explicitly for that reason. The D10 range of 248 Gy to 2 kGy in HOFFMAN-02 is cited as a picture of selection, not of mechanism."
HOFFMAN-08,preprint/hoffman_memo.tex,"Page 3, The transport half","A hydrated layer attenuates and scatters, so the dose at the metal is not the dose in the bulk water, and radiolysis products reaching the surface drive corrosion independently of any organism.",proposed_formalism,,none,not_applicable,false,,primary_literature,requalify,"a planar film-on-metal geometry, which does not exist; see HOFFMAN-10","THE ONLY PART OF THE CORROSION QUESTION THIS MODEL COULD ADDRESS, and it is offered as a question rather than a capability. Attenuation and scatter in a hydrated layer is ordinary photon transport and is not in dispute; that radiolytic species drive corrosion independently of microbes is standard reactor water chemistry. What is NOT established is that anyone has computed the first for a biofilm at a metal interface -- the memo says 'as far as I can find', which is a search result on one date and not a proof of absence. Requalify rather than keep because the sentence names a quantity this repository cannot currently produce."
HOFFMAN-09,preprint/hoffman_memo.tex,"Page 3, The transport half, closing sentence",Whether localised attack under discrete colonies follows an abiotic ranking is posed as the recipient's question and not answered here.,design_principle,,none,not_applicable,false,,repository_policy,keep,none,"DELIBERATE, AND THE SECOND REVERSAL OF THE SAME KIND AS HOFFMAN-05. An earlier draft of this argument asserted that Hoffman's alloys are ranked by pitting resistance equivalent against abiotic chloride and that such a ranking may not survive a living film. The first half was unverifiable (see HOFFMAN-11) and the second is a materials judgement belonging to a materials scientist. Both became a question. Pitting is named because it is where MIC localises; no claim is made about how any alloy ranks."
HOFFMAN-10,preprint/hoffman_memo.tex,"Page 3, What this is, and what it is not","The implemented domain is a cylinder in water with a Robin boundary at its outer radius, with no metal, no planar film and no interface in it.",repository_fact,,none,not_applicable,true,biofilms_radiodialysis.R; preprint .tex section 3.11 eq. robin,code,keep,none,"LOAD-BEARING, AND ENFORCED BY A TEST BECAUSE IT READS LIKE A HEDGE. Without this sentence page 3 offers a dose field beneath a film on steel as something the code does. Section 3.11's domain is radial and aqueous with a Robin condition at r=R; there is no metal region, no planar geometry and no interface anywhere in the transport or the PDE. A film-on-steel dose calculation is a change of geometry, not a run of the existing code. THE GUARD'S OTHER DOCUMENT TESTS ALL ASSERT ABSENCE, which leaves the opposite failure -- a deliberately-carried sentence quietly trimmed -- uncovered; calibration/tests/test_claims_ledger.py LOAD_BEARING now fails if this phrase leaves the memo, with a control that strikes it and requires the report."
HOFFMAN-11,preprint/hoffman_memo.tex,Page 3 -- NOT CARRIED,FeCrAl in used fuel cooling pools is ranked by pitting resistance equivalent from electrochemical tests in seawater-type electrolyte.,literature_prior,,none,not_applicable,false,,none,delete,a retrievable copy of NACE-2019-12944 and confirmation of its authorship,"A REFUSAL, RECORDED IN THREE PARTS BECAUSE THEY ARE THREE DIFFERENT STATES. (1) CLAIM IDENTIFIED: it would have carried the 'wrong stressor set' argument the whole distance, from steam and hydrothermal qualification to an abiotic pitting ranking that a biofilm might not respect. (2) SOURCE INACCESSIBLE, NOT ABSENT: it traces to NACE-2019-12944, 'Corrosion Evaluation of Iron-Chromium-Aluminum Alloys in Used Fuel Cooling Pools', NACE CORROSION 2019, whose OnePetro record returns HTTP 403 -- paywalled and retrievable by someone with access, which is a different state from searched-for-and-not-found and must not be recorded as the same thing. (3) ATTRIBUTION UNCONFIRMED: the surrounding FeCrAl pool literature points to Rebak, and nothing establishes this paper as Hoffman's. Telling a man what his own published work assumes, from a secondhand read of a paper nobody in this repository has opened, is the same inference class as the MURR beamline inventory in HOFFMAN-05. The argument survives without it: HOFFMAN-06 makes the same point from three papers that ARE his and ARE readable. (4) REVISITED 2026-08-30 WITH NEW EVIDENCE, AND THE VERDICT HOLDS. A research brief supplied the aqueous third-element-effect measurements, which are a DIFFERENT OBJECT from the high-temperature alumina scale this refusal was argued about - see HOFFMAN-14. The attribution question drew NO NEW EVIDENCE, and the reason matters because two states look alike here: this is SOURCE UNREACHABLE FROM HERE, not checked-and-found-nothing. The OnePetro record still returns 403, so condition 1 of required_to_fix - a retrievable copy - is unmet independently of what authorship turns out to be, and the state changes the day someone with AMPP access opens it. The brief also contradicted itself on authorship, but that is ONE unverified attribution restated rather than two sources in tension: only its OnePetro line touched a source. THIS CLAIM HAS NOW MOVED TWICE AND IS RECORDED AS UNSTABLE. A third statement made with fresh confidence would assert more than the evidence has earned, so the memo carries the substrate difference as a reason (HOFFMAN-14) and never as a claim that any ranking is wrong."
HOFFMAN-12,preprint/hoffman_memo.tex,"Page 2, The substrate nobody has tested","No microbiologically influenced corrosion or biofilm study of FeCrAl was found in a web search on 2026-08-30 using the term set ""FeCrAl microbiologically influenced corrosion biofilm"".",literature_prior,,none,not_applicable,false,,literature,supported,none,"SCOPED BY METHOD, NOT BY VENUE, AND THE RETRIEVAL MODE IS PART OF THE SCOPE. A WEB SEARCH returns ranked results and not a corpus, so a study in an unlinked conference PDF will not surface however good the terms are. Naming databases would be worse than useless here: HOFFMAN-11 records that the OnePetro copy of NACE-2019-12944 returns 403 from this machine, so a scope naming NACE or AMPP would assert a search of a venue this repository has established it cannot read - and conference proceedings are the likeliest home for an FeCrAl MIC study and the least indexed part of any web scope, so the claim would be weakest exactly where the target literature would sit. CONTRAST HALF RUN THE SAME WAY, SAME TOOL AND SAME DATE, ONE TERM CHANGED: ""304L stainless steel microbiologically influenced corrosion biofilm"" returns four dedicated 304L papers on its first page (Halomonas titanicae, J Mater Sci Technol 37 2020; P. aeruginosa; C. difficile on 304; urban wastewater MIC of 304L). Comparing a curated citation list against a search would have put the asymmetry in the method instead of the field. EVERY SUBSTRATE THAT RETURNED across both searches passivates through chromia, or is a high-entropy alloy, aluminium, or carbon steel: FeCoNiCrMn, 2707 hyper-duplex, 304L, 316, carbon steel, aerospace aluminium. This is the one claim in the memo that survived Stage 1 with nothing adjacent left standing."
HOFFMAN-13,preprint/hoffman_memo.tex,"Page 2, The substrate nobody has tested","Irradiation makes aqueous corrosion of FeCrAl worse, established at reactor conditions; the same question was not found asked at pool conditions or with a biofilm.",literature_prior,,none,not_applicable,false,,literature,restate,"Name the irradiation mode and the stage dependence, and stop attaching neutron alpha-prime work to an ion-irradiation result. Done in the memo 2026-08-30.","THE DRAFT OF THIS CLAIM WAS AN ABSENCE AND THE ABSENCE WAS FALSE. It read ""no aqueous-corrosion study of irradiated FeCrAl found"", and its own search returned one on the first page: Corrosion Science 174 (2020) 108824, ""Early corrosion behaviour of irradiated FeCrAl alloy in a simulated pressurized water reactor environment"", which finds a Cr-rich oxide absent from the as-received alloy, a duplex hematite / Cr-rich-spinel structure, and SEVERE later-stage corrosion from irradiation-induced defects. Two more sit beside it (J Nucl Mater S0022311519316356 on radiation damage plus water radiolysis in hydrogenated water; npj Mater Degrad 2024 on additively manufactured FeCrAl out-of-pile). The draft would have carried a false absence to a reader who works on these alloys. IT WAS ONLY CAUGHT BECAUSE THIS CLAIM WAS GIVEN ITS OWN SEARCH: it shares no terms with HOFFMAN-12, which is microbial, and borrowing HOFFMAN-12 scope would have been false as well as wrong. The replacement is a positive finding and needs no scope. The residual absence - the same question at 30-50 C pool water, or with a biofilm - was not returned by the query ""irradiated FeCrAl aqueous corrosion spent fuel pool water"" on 2026-08-30. Supporting surface change: HOFFMAN-14 in the ledger sense, alpha-prime, verified at Field/Briggs/Edmondson, Scripta Mater S1359646217304761, Alkrothal 720 and Kanthal APMT to 7.0 dpa at 320-382 C by SANS, model-alloy cluster Cr 51.1-62.5 at percent. CORRECTED SAME DAY, AND THE SENTENCE WAS WRITTEN FROM A SUMMARY RATHER THAN THE METHOD. The memo said 'irradiation makes aqueous corrosion of FeCrAl worse'. Reading Corros. Sci. 174:108824's method shows THREE things the sentence dropped. (1) MODE: 400-keV Fe+ IONS at 400 C, not neutrons - at that energy the damage is a near-surface layer a few hundred nanometres deep, not a bulk-irradiated coupon, so transfer to a real assembly is far weaker than the sentence implied. (2) STAGE DEPENDENCE: the irradiated alloy corroded MORE SLOWLY at first, a Cr-rich oxide plus an ion-sputtered smooth surface suppressing it, with severe corrosion only later - and part of that early behaviour is a sample-preparation artifact rather than a property of irradiated material in service. (3) The footnote attached Field/Briggs/Edmondson's NEUTRON alpha-prime work to the same claim, putting two irradiation modes in one citation. THE FIX IS NOT TO DROP THE CITATION: removing it and leaving alpha-prime plus 'what makes the pool question a real question' would let a reader infer nobody has looked, when someone has, badly, in the wrong conditions. Weak evidence and no evidence are different states and that distinction is this memo's whole discipline. The sentence now says the work exists, at reactor conditions and without a film, and the residual gap names all THREE conditions - pool temperature, a biofilm, and either surface - because naming only the temperature would let the gap read as a thermal complaint. ALPHA-PRIME IS MICROSTRUCTURE AND NOTHING MORE: that source reports no passive-film composition, so 'changes the surface a film would sit on' is an inference it does not make and is not written. FOURTH INSTANCE ON THIS BRANCH OF ONE FAMILY - a claim written from a summary instead of the source - after HOFFMAN-01 (invented '34 months' and a plant name), HOFFMAN-02 (wrong paper, wrong first author), and a commit message describing a fix the commit did not contain. That family produces CONFIDENT FALSE SPECIFICS, which a careful reader cannot discount the way they can discount an overreach, and it is a different failure from the one tools/absence_gate.py catches. ALSO CAUGHT BY THAT GAP: the replacement phrasing considered first, 'what makes the pool question a real question', carries no absence marker at all, so the gate would not have surfaced it while it functioned as an absence claim - the incompleteness now recorded in KNOWN_UNHANDLED, biting on the same diff that records it."
HOFFMAN-14,preprint/hoffman_memo.tex,"Page 2, The substrate nobody has tested","FeCrAl passivates in water through a mixed Cr(III)/Al(III) film, which is a different surface from the chromia that every substrate in the MIC literature carries.",literature_prior,,none,not_applicable,false,,literature,requalify,Room-temperature aqueous passive-film composition on a commercial FeCrAl grade in borated water. Not found on 2026-08-30; the measurement exists at pH 1 on model alloys and at 360 C on commercial ones.,"THE REASON THE ABSENCE IN HOFFMAN-12 IS INTERESTING RATHER THAN MERELY TRUE, AND IT CARRIES A TEMPERATURE GAP THE FIRST DRAFT PUT IN THE WRONG PLACE. VERIFIED 2026-08-30 against J Electrochem Soc 172(12) 121501, published 5 December 2025, ""The Third Element Effect during Aqueous Corrosion of FeCrAl Alloys: Effect of Al Content"", Lynch, Sur, Connors, Redemann, Han, Opila, Scully. XPS shows Fe(II) and some Fe(III) oxide with enrichment of both Cr(III) and Al(III) rising with Al content; AESEC at 0.15 V gives Cr 22.7 percent and Al 46.3 percent surface enrichment for FeCr10Al16 against 1.1 percent Cr for binary FeCr10. SCOPE THAT MUST TRAVEL WITH THE NUMBERS: model FeCr10Alx BCC alloys, deaerated 0.1 M Na2SO4 and 0.1 M H2SO4 TITRATED TO pH 1, room temperature. The paper states it does not examine commercial grades or borated / near-neutral water. THE FIRST DRAFT SAID THE GAP WAS THE COMMERCIAL GRADES AND THAT IS TOO STRONG: a separate search returned layer-by-layer XPS depth profiling of APMT (oxides and hydroxides of Al, Cr and Fe) and borated-plus-lithiated water studies at 360 C showing an Al-Cr-rich transition layer, so Al participation in an aqueous film on a commercial grade in borated water is established. THE GAP IS TEMPERATURE. A BRIEF MIS-CITATION RECORDED SO IT IS NOT REPEATED: the research brief attributed this work partly to arXiv 2302.07988, which is ""An experimental high-throughput to high-fidelity study towards discovering Al-Cr containing corrosion-resistant compositionally complex alloys"" - Al-Co-Cr-Fe-Ni compositionally complex alloys, not FeCrAl, and it makes no passive-film cation-fraction claim. It shares Sur and Scully with the real source, which is how the two ran together. That is the third attribution error from a secondhand brief on this memo, after HOFFMAN-01 and HOFFMAN-02. Requalify rather than keep: the sentence enters the memo only as the reason a substrate differs, never as a claim that any ranking is invalid - see HOFFMAN-09 and HOFFMAN-11."
HOFFMAN-15,preprint/hoffman_memo.tex,"Page 2, What that literature does not compute",A facility is the only setting where the inputs to a dose calculation are obtainable rather than assumed.,literature_prior,,none,not_applicable,false,,literature,restate,"Drop ""the only setting"". The argument does not need the universal and the evidence does not reach it.","CAUGHT BY THE ABSENCE-SENTENCE GATE ON ITS FIRST RUN OVER EXISTING PROSE, and it had been in the memo since version 1.1 unread by anything. ""The only setting"" is a universal about all settings wearing positive grammar, which is the shape none of the four known-bad sentences the gate was built from had; it was flagged by the ""only"" pattern. Nothing establishes that no other setting supplies a bounded geometry, a characterised source, a measurable metal inventory and a dose rate in the D10 regime - a lab irradiator supplies the first two - and the sentence happens to flatter the recipient own kind of facility, which is the direction that should raise suspicion rather than lower it. The argument survives intact without the universal. THE GATE ALSO PRODUCED ITS EXPECTED FALSE POSITIVE in the same run, ""A biofilm is none of the three"", which is a category statement about steam, hydrothermal chemistry and hydrogen permeation and needs no scope. Grep proposes, a human disposes; a gate that flagged neither would have been inert and one that flagged only would have been noise."
HOFFMAN-16,preprint/hoffman_memo.tex,"Page 3, The transport half","Whether a biofilm makes FeCrAl corrosion better or worse is unestablished, and the memo states it in both directions.",literature_prior,,none,not_applicable,false,,literature,supported,none,"EVIDENCE FOR THE WORDING HOFFMAN-09 ALREADY CARRIES, ADDED WITHOUT REOPENING IT. The memo says ""whether a film enhances or suppresses them"" at page 3, poses the ranking question to the recipient, and says a biofilm ""changes"" the local radiolysis field. Two sources verified 2026-08-30 make that direction-neutrality correct rather than merely cautious. FIRST, biofilms can INHIBIT: Shukla, Karley and Rao, Arch Microbiol 207:131 (2025), electrochemical impedance spectroscopy shows biofilm-mediated corrosion inhibition on SS-304L, with high-protein EPS proposed as the mechanism. SECOND, the one famous spent-fuel-pool MIC case was formally withdrawn: SRS ms9800702 states ""This assessment was found to be in error"", that ""A biofilm was found on aluminum coupons, but resulted in no corrosion"", that the surface cracks came from autoclave pre-conditioning oxide expansion, and that ""There has been no pitting caused by MIC or any other corrosion mechanism seen in the RBOF basin since initiation of the SRS Corrosion Surveillance Program in 1993"" - the only pitting on any coupon came from embedded iron filings. A WEB SEARCH DID NOT FIND THE RETRACTION AND THE PRIMARY STATES IT IN AS MANY WORDS, which is the argument for reading sources rather than summaries. Any memo sentence implying a biofilm degrades FeCrAl would contradict both."
PP-26-01,preprint,"section 2.6, added in version 1.2","Primary production in a spent fuel pool is done by hydrogen-oxidising bacteria using radiolytic H2 and by algae under pool lighting, neither of which is among the seven species modelled.",literature_prior,,none,not_applicable,false,,literature,supported,none,"VERIFIED 2026-08-30. Foster, Boothman, Ruiz-Lopez et al., Front. Microbiol. 11:587556 (2020), ""Identification of a Stable Hydrogen-Driven Microbiome in a Highly Radioactive Storage Facility on the Sellafield Site"": an indoor, hyper-alkaline, oligotrophic, radioactive spent fuel storage pond, sampled for 16S and 18S rRNA genes over 30 months, colonised mainly by Bacteria including the hydrogen-oxidising Hydrogenophaga, with hydrogen-metabolism genes enriched in the indoor pond. Algal route from Ruiz-Lopez et al., Front. Microbiol. 14:1261801 (2023) on algal blooms in the Sellafield Pile Fuel Storage Pond. NOTE THE OPERATIONAL CONTROL IS ULTRASONIC IN THAT PAPER, not algaecide, and the manuscript says only that blooms develop - the control method is not claimed."
PP-26-02,preprint,"section 2.6, added in version 1.2","The CPM acceptance path never reads the nutrient field, so the model does not resolve carbon as a driver of the trajectory.",repository_fact,,none,not_applicable,true,biofilms_potts.jl compute_delta_H_terms; mcs_step!; tests/manuscript_claims_tests.jl,code,supported,none,"VERIFIED IN-REPO 2026-08-30 by counting nutrient-field reads inside each function body: zero in compute_delta_H_terms and zero in mcs_step!. This is the same fact decided_moves.jl relies on to acknowledge no gated basis. IT CARRIES THE PARAGRAPH SAFETY that a physiological claim was going to carry and could not - see PP-26-03. Without it the paragraph describes a food web whose primary producers are absent from the model and leaves the reader to infer that the modelled species depend on a supply the model represents, which it does not. WORDING CORRECTED BEFORE COMMIT: the first draft said organic carbon is an EXOGENOUS INPUT the model does not represent. Exogenous implies an input arriving from outside, and zero reads means there is no input at all - the field exists and the acceptance rule does not consult it. Those are different models and the second is the one this code implements. AND ZERO READS IN TWO FUNCTIONS IS NOT ZERO READS IN THE PROGRAM, which was checked rather than assumed: state.nutrient is initialised by init_nutrient!, integrated every step by update_nutrient! and update_nutrient_coupled!, serialised at export_checkpoint.jl:206, round-tripped by tests/checkpoint_io_tests.jl:102 and parity-checked by the JACC port at biofilms_potts_jacc.jl:657. It is a LIVE field the acceptance path does not consult, which is a third state distinct from dead code and from a wired-but-unused input. calibration/biofilm_calibration/spatial/time_observable.py:22 records the same fact independently and predates this row. NOW ENFORCED, BECAUSE A COUNTED ZERO EXPIRES LIKE THE F_s GREP: tests/manuscript_claims_tests.jl extracts both function bodies and asserts no read, with a planted-read positive control, a comment-mentioning-the-field negative control so documenting the absence cannot trip it, and an assertion that update_nutrient! DOES read the field - if that ever came back empty the section would be describing dead state and would need rewriting rather than re-passing. Mutation-checked: one planted read in compute_delta_H_terms fails it. SCOPE CLOSED 2026-08-30: THE SENTENCE SAID 'THE TRAJECTORY' AND THE TEST HELD TWO FUNCTIONS. Stating at one scope while enforcing at another is the F_s defect this same file exists to prevent, so the check now covers EVERY function in biofilms_potts.jl that writes the lattice, and pins that set so a new mover fails rather than inheriting a claim made before it existed. THE HAND-WRITTEN SET WAS WRONG IN BOTH DIRECTIONS AND THE ASSERTION CAUGHT IT ON ITS FIRST RUN: it named divide_cell! and missed place_cell!, because divide_cell! mutates the lattice THROUGH place_cell! rather than directly. Real set: compute_delta_H_terms (a trial write and restore), init_state, mcs_step!, place_cell!. All four read zero nutrient, so 'the trajectory' is earned rather than merely asserted."
PP-26-03,preprint,"section 2.6, added in version 1.2",No blanket statement is made about the carbon source of the seven modelled species.,repository_fact,,none,not_applicable,false,,literature,keep,none,"A CLAIM WITHDRAWN BEFORE IT WAS WRITTEN, AND THE DISPOSITION WAS SET IN ADVANCE. The paragraph was planned around ""none of the seven uses CO2 as its carbon source"", with the pre-stated disposition that if verification failed the paragraph would not be written in that form. It failed for two species. S. oneidensis MR-1 is a chemoorganoheterotroph by nature but carries a cryptic reductive glycine pathway that fixes CO2 when supplied engineered electrons - demonstrated with illuminated biogenic CdS nanoparticles (Angew. Chem. Int. Ed. 2024) and electrochemically to acetate (2025) - and it is the species an MIC reader checks first. Ochrobactrum sp. strains with Calvin-Benson-Bassham CO2 fixation have been isolated from non-photosynthetic communities, switching to autotrophy after heterotrophic enrichment, so the genus contains facultative autotrophs and strain AM7 was NOT checked individually. NEITHER CAPABILITY IS AVAILABLE IN A POOL, which is why the narrower reading is defensible and the blanket one is not: the difference is exactly the kind a reviewer can check. The protective work is done instead by PP-26-02, a fact about the code rather than about physiology. Recorded because a claim that fails verification and is dropped leaves no trace in the document, and the reason it was dropped is the useful part. THE SHAPE OF THE FAILURE, WHICH IS THE TRANSFERABLE PART. The claim was narrowed twice before it was checked - from 'fungi cannot fix CO2' to 'none of the seven uses CO2 as its carbon source' - with the two riskiest species named in advance. It failed at both of them anyway. NARROWING A UNIVERSAL REDUCES ITS EXPOSURE WITHOUT CHANGING ITS TYPE: a universal over seven named organisms is a search problem with seven independent chances to fail, and picking the right two to worry about does not help if the boundary is drawn in the wrong place. The repair was not a better boundary. It was abandoning the universal for a property of a BOUNDED ARTIFACT this repository controls - see PP-26-02, which a test can hold and a literature claim about seven organisms never could. This is a distinct failure family from claim-written-from-summary (HOFFMAN-13): that one produces confident false specifics from not reading a source, this one produces a checkable universal from a correct reading with the quantifier left too wide. A FINDING RECORDED WITH NO INDEX, WHICH COST A FULL VERIFICATION CYCLE. The fact underneath PP-26-02 was already established and already written down in the right register: calibration/biofilm_calibration/spatial/time_observable.py:22 says 'state.nutrient is written but never read by the acceptance test', alongside 'divide_cell! has no trigger' and 'there is no growth rate anywhere'. It predates this work by an unknown interval and was rediscovered by a fresh grep several turns later, because a docstring is a place a fact is RECORDED and not a place anything SURFACES it. That is this repository's own subject arriving from a direction nobody was watching, and the distinction is exactly recorded-versus-enforced. Other observations of that kind may be sitting in docstrings elsewhere; they would be findings with no index, and nothing here has swept for them."
PP-26-04,preprint,sections 3.x and 6.x; biofilms_potts.jl header,divide_cell! has no trigger.,repository_fact,,none,not_applicable,true,biofilms_potts.jl,code,needs_verification,"Assert BOTH conditions: the set of call sites, and that no call site is reachable from the trajectory. A pinned set alone is not enough - see notes.","STATED IN THE MANUSCRIPT IN FOUR PLACES AND HELD BY NOTHING. The .tex says ""divide_cell! has no trigger"", ""the program has neither growth nor death"", ""a manually invoked division primitive for lifecycle and lineage testing, but no growth law or automatic division trigger"", and ""still has no growth"". biofilms_potts.jl header repeats it. IT IS LOAD-BEARING FOR THE CENTRAL RETRACTION: section 2.6 argues the model cannot test radiotrophy BECAUSE it has neither growth nor death, so if this ever stopped holding the retraction would rest on a false premise. TWO INDEPENDENT WAYS TO GO FALSE, AND A PINNED CALL-SITE SET COVERS ONE. Someone adds a second caller, which a set assertion catches; or someone makes the EXISTING caller reachable from the trajectory, which a set assertion is silent on. The second is the change that matters, so a check built only from the set would pass through exactly the event it exists to detect - green for the reason it was built, which is the defect the first plan of this branch was rejected for. THE CLAIM IS ALREADY LOOSER THAN IT READS: there IS a call at biofilms_potts.jl:1978. The checkable statement is about reachability from the trajectory and not about the absence of callers, which is the same distance as ""no nutrient reads"" to ""no nutrient reads in the acceptance path"" - see PP-26-02. Conversion pattern available: pinned set, premise check, planted-positive control, as built for PP-26-02 in tests/manuscript_claims_tests.jl."
PP-26-05,preprint,sections 3.x and 6.x; biofilms_potts.jl header,The code contains no growth rate or growth law anywhere.,repository_fact,,none,not_applicable,true,biofilms_potts.jl,code,needs_verification,Narrow the ONE methods sentence that uses the unbounded form (the .tex at 'The code has a manually invoked division primitive ... but no growth law or automatic division trigger; it likewise contains no radiation-dependent survival process'). The load-bearing sentences are already narrow and convert with the PP-26-04 pattern.,"AN ABSENCE OVER UNBOUNDED NAMING, WHICH IS THE HARD CASE AND DOES NOT CONVERT CLEANLY. A symbol grep bounds it only as far as its declared term set reaches, and growth can be named mu, k_growth, doubling, biomass_rate and indefinitely more - the same incompleteness tools/absence_gate.py now prints on every run for absence PROSE, arriving here as absence CODE. THE USEFUL FORM IS WEAKER THAN THE SENTENCE CURRENTLY IMPLIES: the manuscript should state the term set inline, the way the memo page-2 absence names its retrieval mode, and the test should hold that same set. Holding a bounded grep behind an unbounded sentence is precisely how the test scope and the sentence scope drift apart, which is the F_s defect and the defect PP-26-02 was corrected for on 2026-08-30 within hours of being written. ORIGIN: recorded in calibration/biofilm_calibration/spatial/time_observable.py:22 alongside the divide_cell! claim and the nutrient claim - three findings in one docstring, in the right register, indexed by nothing. Two are now here; the nutrient one became PP-26-02 and is enforced. THE UNCOMFORTABLE PAIRING DOES NOT EXIST, AND FINDING THAT OUT TOOK READING THE FOUR SENTENCES. The concern raised was that the weaker check guards the stronger claim: PP-26-05 does not convert cleanly while section 2.6's central retraction leans on it. It does not. The retraction argument reads 'The CPM ... has neither biomass growth nor a dose-dependent survival process, so the implemented phenotype is radiotropism and the model cannot test radiotrophy or radioresistance', and the companion at the radiotropic-flag paragraph reads 'Because the program has neither growth nor death, the flag denotes a spatial tropism'. BOTH ARE STATEMENTS ABOUT DYNAMICS, not about what identifiers exist in a file, so both are checkable exactly the PP-26-04 way - no growth process reachable from the trajectory - and neither needs the unbounded grep. Only ONE sentence uses the unbounded form, and it is a METHODS description rather than the argument: 'The code has a manually invoked division primitive ... but no growth law or automatic division trigger; it likewise contains no radiation-dependent survival process.' A fourth statement, 'still has no growth or survival process', is about the R Shiny program and is a different artifact with a different scope again. SO THE REPAIR IS TO NARROW ONE METHODS SENTENCE, not to strengthen a grep and not to weaken the retraction - the same repair as abandoning the seven-organism universal in PP-26-03: change the claim's type rather than hunt a better boundary. FOURTH TIME THIS PASS THAT READING THE ARTIFACT MOVED SOMETHING OUT OF THE CATEGORY IT WAS OFFERED IN: the docstring notes were manuscript claims, place_cell! was in the mover set and divide_cell! was not, the nutrient field was live rather than dead, and now the unbounded claim turns out to be one methods sentence rather than the retraction's premise. THE CATEGORISATION KEEPS BEING WRONG MORE OFTEN THAN THE FACTS DO, which is worth knowing before the next audit budgets its time. AND THIS LANDING IS CLOSE TO THE OPPOSITE OF THE USUAL FAILURE, WHICH IS WHY IT IS WORTH RECORDING RATHER THAN JUST FIXING. The manuscript's strongest negative claim - the one the whole radiotrophy retraction rests on - was ALREADY stated at the scope its evidence reaches. What overreached was the methods aside. Everywhere else on this branch the load-bearing sentence was the one stated too widely, so an audit that goes straight for the central claim would have found it clean here and stopped. WHY THE MIS-FILING KEEPS HAPPENING, WHICH IS A MECHANISM AND NOT A RATE. A fact has a defined verification operation: open the source, run the grep, read the method. A KIND is decided in passing, usually by whoever first mentions the thing, and inherited downstream without anyone ever performing an operation on it. Filing is not harder than fact-checking; nothing in the workflow is SHAPED like a filing check, so no step exists at which the classification could fail. That is why the facts held four times out of four and the filing did not. THE PRACTICAL FORM IS A QUESTION, NOT A BUDGET: for each item, what would change if this were the next tier up? The nutrient field - if this is a manuscript premise and not a docstring note, it needs a test. divide_cell! - if this is a CALLER and not a mutator, the pinned set is wrong. The question costs nothing, is answerable without opening anything, and was asked zero times out of four. Candidate for AGENTS.md if it earns a seventh rule; recorded here as evidence in the meantime, since the four instances are what would justify one."
PP-V11-05,preprint/modeling_radioresistance_and_radiotropic_fitness.tex,Abstract; section 3.11 heading,"The coined term radiodialysis was used as established vocabulary in the abstract and in the section heading, above the paragraph that declares it coined.",repository_fact,,none,not_applicable,false,,code,restate,none,"THE FIGURE DEFECT'S SHAPE, IN PROSE, AND CAUGHT THE SAME WAY. Section 3.11 disowns the term in a full paragraph -- 'a targeted search finds no scientific usage of it outside this work' -- and names the established descriptors (radiolysis, lipid peroxidation, 'radiation-induced membrane permeability change'). The term then appeared ten times and the disclaimer covered one of them; the abstract said 'a radial radiodialysis solver' with no signal the word was coined here. Caveat in the body, claim in the part people scan. FIXED 2026-08-29 by making the rule positional rather than editorial: the term must not appear before the paragraph that disowns it. Two lines moved -- the abstract now says 'a radial membrane-transport solver' and the heading is 'Membrane Transport Under Radiation-Driven Permeability Change'. Nine uses remain, all after the disclaimer, all introduced. A filename (biofilms_radiodialysis.R) and a \label are exempt: one is what the file is called and the other never reaches a reader. WHAT WAS CONSIDERED AND REFUSED: giving 3.11 the 'This subsection is specification, not method' paragraph that 3.2, 3.4 and 3.12 carry. Those three stand over code that does not exist; 3.11's equations run in biofilms_radiodialysis.R and in Julia, with results in 6.5. That paragraph would have been a new false statement in the opposite direction. NO VERSION BUMP AND NO CORRECTION ENTRY: version 1.1 has been sent to nobody, and a correction paragraph is for a claim that reached a reader. Enforced by test_the_coinage_never_precedes_its_disclaimer with a planted-use control."
SURR-01,data/calibration/spatial/dataset_candidates.csv,target_surrogate_phantom_search; hellriegel_2014_gellan_biofilm_imitate,"A biofilm phantom bounds the variance of the measurement protocol and cannot satisfy D-RHOWET, which requires paired wet mass and hydrated volume on a biofilm coupon.",design_principle,,none,not_applicable,true,data/calibration/reference_d_requirements.csv D-RHOWET,repository_policy,keep,none,"THE BOUNDARY THAT MAKES THE SURROGATE AXIS SAFE TO OPEN AT ALL. A phantom is attractive here precisely because it supplies what no real biofilm in the literature does -- a specimen whose hydrated volume and dry mass are set by construction rather than measured -- and that is also exactly why it must not be allowed to discharge a measurement gate. D-RHOWET requires 'paired wet mass and hydrated volume on the SAME coupon, with a stated surface-water removal protocol and a matched blank', on a biofilm; a gellan gel at about one percent solids has water's density and bounds nothing about a biofilm's dry fraction. WHAT A PHANTOM DOES BUY is the separation the wet/dry CV step currently cannot make: protocol variance (drying endpoint, surface-water removal, blank subtraction) measured against a known true value, versus material variance. Detectability, then CV, then replicates -- with the first two done on something whose answer is known. density_g_cm3 STAYS BLANK, D-RHOWET stays awaiting_measurement, and nothing here moves Reference D or CAMPAIGN_READY. The Hellriegel moduli are a bound for the section 3.10 Kelvin-Voigt constants at a class BELOW a literature prior on the organism, and are entered nowhere as a value."
PP-62-04,preprint,"section 6.2, Table 4 (decided moves)","The direct radiation term reversed no accepted move: zero of 206042 across seeds 42, 43 and 44 at 400 MCS.",model_output,0,count of accepted moves reversed,true,true,biofilms_potts.jl decisive_label; tests/delta_h_decomposition.jl,code,restate,"Report one of 206042, not zero, and delete the bound argument: state that removing Delta H_rad alone would reverse sixteen accepted moves and that fifteen are absorbed into `multiple`. Done in the manuscript at version 1.2.","RESTATED 2026-08-29, AND THE ARITHMETIC UNDER IT WAS WRONG BY 1.5e3. Codex raised it on PR #23 and it reproduces. Delta H_rad is signed by ROLE as well as by beta_ion: compute_delta_H_terms adds +beta_ion[source]*I when the source gains a site and SUBTRACTS beta_ion[target]*I when the target loses one, so a POSITIVELY signed species vacating a site favours acceptance exactly as much as a negatively signed one occupying it. The bound is therefore max|beta_ion| = 7.5e-2, not min|beta_ion| = 5e-5. Measured over 192996 evaluated proposals from the seed-42 state at 100 MCS: 29.8 percent carry Delta H_rad < -5e-5 and the extreme is -0.0671. THE COUNT ALSO MOVES: re-measuring Table 4's own configuration gives rad solely decisive in 0 / 0 / 1 moves for seeds 42 / 43 / 44, so one of 206042 and not zero. THE CORRECTED ARITHMETIC PREDICTS THE DATA AND THE OLD ARITHMETIC DOES NOT: removing Delta H_rad alone reverses 16 accepted moves (4/3/9 by seed) against 16.67 predicted by the true bound and 0.26 by the withdrawn one. Fifteen of the sixteen are labelled `multiple` because an adhesion or volume term was independently decisive too, which is why the table reads 0.00 percent -- absorption, not absence. MEASURED, AND IT FOLLOWS ANALYTICALLY FROM PP-62'S OWN TABLE 3 RATHER THAN ADDING TO IT. For an ACCEPTED move only a term that lowered Delta H can be decisive: removing one that raised it lowers Delta H further and the move stays accepted. beta_ion is negative for two of seven species at -5e-5, so the largest radiation contribution that can favour an accepted move is of that order, and reversing the move needs the drawn variate within ~1e-5 of the threshold. Expected reversals over 53603 moves: about 0.5. Zero is therefore the expected observation and NOT an under-sampling artifact, which is why three seeds are reported rather than one. Per-seed accepted totals 53603 / 68465 / 83974. This is Table 3's one-part-in-1e5 as a count. THE 29.8 PERCENT AND -0.0671 QUOTED ABOVE ARE FROM AN UNNAMED RUN AND ARE SUPERSEDED; see PP-62-09 and PP-62-12. The dependent draft in docs/correspondence/wan_v11_note.md still carried the withdrawn zero and was corrected in the same pass -- raised by Codex as a P1 on PR #23, and the audit-dependents step of the correction protocol had missed it."
PP-62-05,preprint,"section 6.2, Table 4 (decided moves)","The melanin term reversed 23 of 53603 accepted moves at 400 MCS, seed 42.",model_output,23,count of accepted moves reversed,true,true,biofilms_potts.jl decisive_label; tests/delta_h_decomposition.jl,code,keep,none,"0.04 percent, and stable across seeds at 0.03 to 0.05 percent. Restates section 6.2's closing sentence -- hand-specified adhesion differences remain larger than both radiation-derived terms -- in the register of decided moves. NOT A CLAIM ABOUT MELANIN BIOLOGY: the 0.5 coefficient in compute_delta_H_terms is hard-coded and is ledgered separately as cpm.melanin_coupling; this row reports how often that hard-coded number decided an outcome, which is a property of the model's acceptance arithmetic and of nothing else."
PP-62-06,preprint,"section 6.2, Table 4 (decided moves)","Between 66 and 77 percent of accepted moves are reversed by removing no single term, so the dynamics are carried by the sum.",model_output,65.99 to 76.83,percent of accepted moves,true,true,biofilms_potts.jl decisive_label; tests/delta_h_decomposition.jl,code,keep,none,"THE COMPLEMENT IS THE RESULT, and it is the reason the named-term rows are small rather than a caveat on them. Seed 42 is the low end at 65.99 percent; seeds 43 and 44 sit at 76.83 and 76.74. The contingent share -- the Delta H <= 0 branch, where no variate was drawn and removing a term can only remove the certainty rather than reverse the move -- moves in the opposite direction, 23.72 / 16.53 / 17.00. The two branches are disjoint by construction and tests/delta_h_decomposition.jl asserts that over 20000 random term vectors rather than leaving it as prose."
PP-62-07,preprint,"section 6.2, closing paragraph",No spatial map of which term dominates where is reported; at 400 MCS the median written voxel received three accepted moves.,design_principle,3,accepted moves per touched voxel (median),true,true,biofilms_potts.jl decisive_label; tests/delta_h_decomposition.jl,code,keep,none,"A REFUSAL, RECORDED BECAUSE THE WORK TO MAKE THE MAP WAS DONE AND THE MAP WAS NOT SHIPPED. The per-voxel tally and modal-label reduction exist in biofilms_potts.jl and are tested; the measurement they were built for is what argues against drawing them. At 400 MCS 6157 of 64000 voxels received any accepted move at all, median 3 and 25th percentile 2, across seven label categories -- a mode over three samples is noise, and binding an opacity rule to the count would annotate the noise rather than remove it. TWO FURTHER OPTIONS WERE REFUSED. A map restricted to the ~10 percent of moves carrying a named decisive term would filter out the 90 percent where the sum carried the move and show a model looking more term-driven than it is, which PP-8-04 forbids in substance if not in wording. Reporting nothing would have discarded PP-62-04, which is a real corroboration of Table 3. The distribution is reported; the crop is not."
PP-62-08,preprint,"section 6.2, The same ranking as a count of decided moves","The counterfactual uses the variate the acceptance test already drew, so the trajectory is unchanged with the tally attached.",repository_fact,,none,not_applicable,true,biofilms_potts.jl mcs_step!; tests/contract_csv.jl; tests/delta_h_decomposition.jl,code,keep,none,"u = Delta H <= 0 ? NaN : rand(rng) evaluates only its taken branch, so the generator is consulted on exactly the moves it was before. THREE ALTERNATIVES WERE REFUSED, each fabricating something the run does not contain: drawing a fresh variate advances the stream and diverges the trajectory; a second generator makes the label stochastic and adds a seed to declare; a probability threshold on the Delta H <= 0 branch invents a constant. VERIFIED TWO WAYS because one is insufficient: contract_csv.jl is byte-identical with the tally attached, and it has a detection floor now documented in validate_serial.jl -- 0.5 to 0.5000001 in the melanin coefficient leaves it green. The direct check compares lattice and melanin arrays with and without the tally, with a different-seed control proving that comparison can fail."
JACC-PAR-01,tests/jacc_parity_tests.jl,whole tier,No checkerboard parity artifact is detected: Cramer's V for the 2x8 accepted/rejected table stays at or below 0.011 over three seeds and three colour orderings.,numerical_result,0.0050 to 0.0111,Cramer's V,true,true,biofilms_potts_jacc.jl cpm_color!; tests/jacc_parity_tests.jl,code,keep,,"THE MEASUREMENT NOTHING ELSE MAKES. A parity-correlated bias in accepted moves is invisible to both existing guards: jacc_port_tests.jl compares kernels on identical inputs, so it passes when BOTH kernels carry the same artifact, and tests/fixtures/serial_seed42.csv pins the serial stream, which has no sublattices at all. Measured at N=20, 50 MCS, threads backend, seeds 42/43/44 x identity/perm1/perm2: V 0.0050-0.0111, max per-class rate deviation 0.017-0.049, n 127079-137292 evaluated proposals per run. Thresholds V<0.025 and maxdev<0.12 are those observations widened about 2x and are OBSERVED, NOT DERIVED. A synthetic control holding one class 20 percent low clears both, so the guard is known to be able to fire."
JACC-PAR-02,tests/jacc_parity_tests.jl,the contingency table,"The parity null is equal acceptance RATE per class, not equal accepts per class; the table is conditioned on opportunity.",design_principle,,none,not_applicable,true,tests/jacc_parity_tests.jl parity_stats,code,keep,,"A UNIFORM NULL OVER EIGHT CLASSES WOULD HAVE FAILED ON ITS FIRST RUN FOR THE SHAPE OF THE DOMAIN. cpm_color!'s early returns -- wall, same-sigma, medium-into-medium, out-of-bounds -- are all geometry-dependent, and an aggregate sitting at an arbitrary lattice position has no reason to spread them evenly over a 2x2x2 decomposition, so a class with fewer evaluated proposals shows fewer accepts. The `st` discriminator carries the denominator (0 never proposed, 1 evaluated-rejected, 2 evaluated-accepted) and the 2x8 table asks about the rate. `dh` carries NO sentinel for the same reason a NaN there would collapse never-proposed into NaN-Delta-H and silently shrink every denominator; the test asserts dh finite wherever st != 0."
JACC-PAR-03,tests/jacc_parity_tests.jl,threshold choice,Chi-square is reported and never asserted alone; the thresholds are on effect size.,design_principle,,none,not_applicable,true,tests/jacc_parity_tests.jl parity_stats,code,keep,,"A REFUSAL, AND THE SECOND ONE HERE. Chi-square power scales with n and n is 1.3e5 per run at N=20 and 3.1e5 at N=40, so a fraction-of-a-percent deviation clears any fixed critical value: at N=40 the observed chi-square ran 8.3 to 59.8 against a df=7 critical value of 18.475 while V never exceeded 0.014. Worse, the cells are NOT independent -- an accepted move changes the lattice for every later pass -- so the nominal null does not apply and over-dispersion is expected from autocorrelation alone. A chi-square threshold would test 'is there any asymmetry at all', and there always is. Same interaction as a critical value quoted without its n."
JACC-PAR-04,tests/jacc_parity_tests.jl,colour-order permutation,"Spatial class and pass position are separated by random permutations of color_order, not by reversal.",design_principle,3,colour orderings compared,not_applicable,true,biofilms_potts_jacc.jl run_coupled color_order; tests/jacc_parity_tests.jl,code,keep,,"A CONFOUND THAT WOULD HAVE REPORTED THE PONYTAIL SHORTCUT AS A DECOMPOSITION DEFECT. `for c in color_order` is sequential and vols accumulates across passes -- delta_H reads vols at biofilms_potts_jacc.jl:167 while cpm_color! mutates it at :208, the documented bounded-and-unbiased staleness -- so the first pass evaluates against sweep-start volumes and the last against volumes moved by seven passes. That is a deterministic, parity-correlated acceptance difference with nothing to do with the checkerboard, and c indexes BOTH spatial class and sequence position. REVERSAL WAS REFUSED: position(c) = 7-c separates a monotonic position effect but is invariant to any position effect symmetric about the midpoint, so one transformation leaves one blind spot. Random permutations drop the assumption about the effect's shape. THE THIRD OUTCOME IS THE OBSERVED ONE: the pattern tracks neither class nor position at this V, and the permuted run is a different trajectory rather than the same system observed differently, so the tier asserts the bound and reports both rate vectors rather than claiming an attribution."
JACC-PAR-05,biofilms_potts_jacc.jl,cpm_color! instrumentation,The acceptance instrumentation leaves the port's trajectory unchanged.,repository_fact,,none,not_applicable,true,biofilms_potts_jacc.jl cpm_color!; tests/jacc_parity_tests.jl,code,keep,,"VERIFIED CROSS-VERSION, BECAUSE IT IS A CROSS-VERSION CLAIM. Comparing an on_sweep=nothing run against an instrumented run at the same commit compares the new code to itself: the writes are unconditional, so both paths execute identical kernel code. The check that means something ran the port AT 7712568 and after the change: threads backend, 1 thread, seed 42 lattice sha256 3f528fab5b725dfd both sides (4884 occupied), seed 43 a4a8972857d9a893 both sides (4883). SCOPE, STATED: that comparison is only meaningful because a reproducible reference exists, and it exists only single-threaded. THE POSITIVE CONTROL ESTABLISHES THE CHECK CAN FAIL: the same seed at 4 threads gave three different lattices in three runs (42a1815c, f42c3bf4, a824b7ef), so the vols race is real, manifests, and is detected. The port is NOT reproducible across thread counts or backends and this row does not claim it is."
JACC-PAR-06,preprint/figures/fig5_acceptance_regime.pdf,whole figure,"The Metropolis acceptance rate is 0.062 pooled at N=40, ranging 0.025 to 0.414 per sweep across seeds 42/43/44 at 100 MCS.",model_output,0.06202,accepted / evaluated proposals,true,true,jacc_acceptance_figure.jl; tests/jacc_parity_tests.jl,code,keep,,"THE REGIME QUESTION THE LATTICE PICTURE CANNOT ANSWER. Acceptance is 1 for Delta H <= 0 and exp(-Delta H / T_cpm) otherwise, so T_cpm = 5.0 sets everything: near 1 the aggregate dissolves, near 0 it freezes, and both render as a simulation that is plainly running. 0.062 is a usable cold-side regime. THE PER-SWEEP MAXIMUM OF 0.414 IS AN INITIALIZATION TRANSIENT, not the steady state, which is why the tier compares first-half against second-half tables before believing any pooled number. SETTINGS-SPECIFIC: the test's band 0.14-0.23 is at N=20, where the rate is about 0.18, because V_target is fixed at 120 while lattice volume is not. The figure's provenance line names its own run (N, MCS, seeds, colour order, backend, thread count) so the .txt sidecar the phrase guard reads says which run it shows; the test spans three seeds and three orderings and would otherwise be about a different thing."
FIG-05,preprint/figures/fig3_membrane_transport.pdf,in-plot annotation,(50 Gy cumulative),model_output,50,Gy,false,true,biofilms_potts.jl:2400-2424 (annotation removed at d53f236); regenerate_fig3.jl,simulation_output,delete,Nothing further; the artifact was regenerated 2026-08-29 and no longer carries it,"PRINTED BESIDE m = 0.779, WHICH STAYS: that value is arithmetically exact and RM-KR-02 keeps it; only the Gy gloss is retracted. THE ARTIFACT HALF OF RM-KR-01, AND IT SURVIVED FIFTEEN DAYS. d53f236 (2026-08-14) dropped the ungrounded 50 Gy annotation from the generator and RM-KR-01 already carried the verdict -- NEVER PRINT Gy HERE, because D_cum = Ddot_R*t is dimensionless model time and no calibration converts it. The committed PDF went on printing it because fig3 could not be rebuilt: main_coupled() hits RADIODIALYSIS: BLOCKED, and 1b51126 -- which retired the same defect in figs 1-2 through main()'s --no-radiolysis path -- could only add .sha256/.txt sidecars over a fig3 pdf it had no way to regenerate. NOT CAUGHT BY THE FIGURE GUARD: RETRACTED_IN_FIGURES scans for 'radiotroph' only, and this string contains no retracted vocabulary. It was found by opening the image."
FIG-06,preprint/figures/fig3_membrane_transport.pdf,in-plot annotations,Two annotations printed on top of each other and neither was readable.,repository_fact,,none,not_applicable,true,biofilms_potts.jl:2400-2424,code_inspection,keep,none,"ARITHMETIC, NOT A RENDERING FLUKE, WHICH IS WHY IT RECURRED ON EVERY REGENERATION. Both labels were placed at x = 0.55*t_end from FINAL values: m_final + 0.05 = 0.829 on the left axis and Peff_final * 0.88 = 2.385 on the right. Those are independent numbers on independently autoscaled axes, and both mapped to 79 percent of plot height. THE FIX SEPARATES THEM HORIZONTALLY -- 0.35 and 0.80 of the run -- which makes the vertical coincidence moot however the axes rescale, and anchors each label to its own curve at its own x rather than to a height derived from a value plotted somewhere else. A vertical nudge would have fixed this dataset and left the coincidence in place."
FIG-07,repository,preprint/figures/,fig3 can be regenerated under the radiodialysis basis gate; fig4 cannot.,repository_fact,,none,not_applicable,true,regenerate_fig3.jl; tests/radiodialysis_basis_gate.jl,code,keep,,"SCOPES THE BLOCKER FIG-03 RECORDS, WHICH WAS STATED FOR BOTH FIGURES AND IS TRUE OF ONE. The gated basis enters the radiolysis ODE at exactly one place -- uptake = k_ads*X_total + k_red*X_red -- which drives c and s and nothing else. fig3 plots m(t) and P_eff/P0, where dm/dt = -k_dam*Ddot_R*m and P_eff = P0*exp(alpha_P*Ddot_R*t); neither reads X_total or X_red. MEASURED, NOT ARGUED, AND THE CONTROL BITES IN BOTH DIRECTIONS: at 10x the uptake constants fig3's two series come back identical and fig4's c_wall does not, and regenerate_fig3.jl REFUSES to copy if either half fails -- so it cannot pass by measuring nothing. fig4 stays blocked and FIG-03 stands."
PP-62-09,preprint,"section 6.2, Table 3 (term magnitudes)","The largest acceptance-favouring contribution of Delta H_rad is 7.5e-2, set by max|beta_ion| and by the target-loses-a-site role.",numerical_result,0.075,dimensionless (Delta H),true,true,biofilms_potts.jl compute_delta_H_terms; tests/prose_bounds.jl,code,restate,"State the extremum over source/target pairings, 7.505e-2, rather than max|beta_ion| over species. Done in the manuscript at version 1.2.","REPLACES THE 5e-5 BOUND PP-62-04 CARRIED. The term is +beta_ion[source]*I when the source gains a site and -beta_ion[target]*I when the target loses one, so the sign is a property of the ROLE and the magnitude is bounded by max|beta_ion| over species, not by the smallest magnitude among the negatively signed ones. At the shipped I0 = 1.0 that is 7.5e-2 for S. oneidensis, and the acceptance bias is exp(0.075/5) = 1.0151 rather than the 0.985 Table 3 showed for the same coefficient in the other role. MEASURED, not only derived: over 192996 evaluated proposals from the seed-42 state at 100 MCS the extreme is -0.0671 (below 7.5e-2 only because I_local < 1 away from the axis) and 29.8 percent of proposals violate the withdrawn bound. Guarded by tests/prose_bounds.jl, which reads the coefficient vector out of the source and the bound out of the .tex and fails if they disagree -- the check the manuscript did not have when the wrong bound was written. CORRECTED AGAIN 2026-08-29, SAME PARAGRAPH, SECOND REVIEW PASS ON PR #23. The 7.5e-2 replacement was still an extremum over SPECIES; the quantity is an extremum over source/target PAIRINGS. A copy between two occupied parcels contributes (beta_ion[source] - beta_ion[target])*I, so the acceptance-favouring reach is max(0, max beta) + max(0, -min beta) = 7.505e-2, not max|beta_ion| = 7.5e-2. ATTAINED, NOT ONLY DERIVED: a CS source (-5e-5) copying into an SO target (7.5e-2) reaches -0.07505 four times in 1298668 evaluated proposals at N=20 seed 42 400 MCS. THE 29.8 PERCENT AND THE -0.0671 EXTREME IN THIS NOTE CAME FROM A RUN NOTHING NAMED, which is PP-62-11's defect committed inside the fix for PP-62-04; see PP-62-12. tests/prose_bounds.jl now recomputes the pairwise bound and rejects both withdrawn forms; verified by mutation, reverting the .tex to 7.5e-2 fails it."
PP-62-10,preprint,"section 6.2, Table 4 (decided moves)",Removing Delta H_rad alone reverses sixteen accepted moves of 206042; it is the sole decisive term in one.,model_output,16,accepted moves reversed,true,true,biofilms_potts.jl decisive_label; tests/delta_h_decomposition.jl,code,keep,,"ABSORPTION, NOT ABSENCE, AND IT IS THE POINT OF THE RESTATEMENT. Four, three and nine by seed at 400 MCS. Fifteen of the sixteen carry an adhesion or volume term that is independently decisive as well, so decisive_label returns `multiple` and the `rad` row reads 0.00 percent while the term was in fact capable of deciding sixteen moves. The one that survives as solely decisive is under seed 44. THE CORRECTED BOUND PREDICTS THIS AND THE WITHDRAWN ONE DOES NOT: summing 1 - exp(rad/T_cpm) over drawn-branch accepted moves with rad < 0 gives 16.67, against 0.26 from the 5e-5 bound. That agreement is the evidence that the arithmetic is now right, and it is why the count is reported rather than the zero. Only 11 to 16 percent of accepted moves are in the drawn branch at all, which Table 4 pins only from below and which an earlier estimate of this correction got wrong by assuming otherwise."
PP-62-11,repository,"section 6.2, Table 4 (decided moves)",Table 4 was produced by a configuration no shipped entry point reproduces.,repository_fact,16037,"accepted moves at 100 MCS, seed 42",not_applicable,true,biofilms_potts.jl mcs_step!; tests/delta_h_decomposition.jl,code,requalify,"DISCHARGED 2026-08-29, both halves: decided_moves.jl reproduces the table from the shipped API and compares its own output against the published values, and the Table 4 caption now records the generator and the MersenneTwister/Xoshiro distinction. tests/decided_moves_tests.jl runs it from runtests.jl.","FOUND WHILE RE-MEASURING, AND IT IS WHY THE RE-MEASUREMENT TOOK TWO ATTEMPTS. run_simulation and run_simulation_coupled both seed MersenneTwister and give 14281 accepted moves at 100 MCS, seed 42. Table 4's 16037 is reproduced only by the idiom used in tests/delta_h_decomposition.jl: mcs_step! driven by hand with Random.Xoshiro(seed) and update_melanin! each sweep. Neither b39fb8a nor d404438 committed a harness and no file records the configuration, so the published table describes a trajectory main() and main_coupled() do not produce. With the configuration identified, every cell of Table 4 reproduces exactly, along with PP-62-05's 23 of 53603 and PP-62-06's per-seed contingent shares -- so this is a provenance defect and not a numerical one. Incidentally the coupled and uncoupled paths give identical accepted counts: the radiodialysis coupling never reaches the CPM trajectory. DISCHARGED. decided_moves.jl uses only mcs_step!'s existing `driver` keyword and DriverCounts, so decisive_label is called by the model and not reimplemented in the harness -- the table cannot drift from the rule that produces it. The test tier reads its expected counts out of the script's own PUBLISHED table rather than restating them, so script and suite cannot drift and each look green, and its control steps the same run under MersenneTwister and requires the totals to DISAGREE, which is the arm that proves the comparison can fail."
PP-62-12,preprint,"section 6.2, paragraph beneath Table 4",29.8 percent of evaluated proposals carry Delta H_rad < -5e-5.,model_output,0.298,fraction of evaluated proposals,true,true,biofilms_potts.jl compute_delta_H_terms; decided_moves.jl,code,restate,Report 26.7 percent and name the run it is measured over. Done in the manuscript at version 1.2.,"REPLACES THE 29.8 PERCENT WRITTEN INTO SECTION 6.2 AT VERSION 1.2, WHICH NAMED NO RUN. Measured over 3968838 evaluated proposals across seeds 42, 43 and 44 at 400 MCS, N=40, 6 parcels per species -- the Table 4 configuration, now named in the sentence itself. Per seed: 0.2783 / 0.2571 / 0.2664. The fraction is configuration-dependent and that is why naming the run is not a formality: the same quantity is 0.1442 at N=20 and 0.2960 at N=40 over 60 MCS. The most acceptance-favouring value reached in these three runs is exactly -0.075, a vacating S. oneidensis target with no occupied source; the pairwise extremum -0.07505 is attained at N=20 but not at N=40. Instrumented by in-memory source rewrite, proved inert by lattice hash against the pristine module with a different-seed control."
PP-62-13,preprint,"section 6.2, paragraph beneath Table 3",The corrected reach is only fifteen times smaller than the melanin term rather than four orders.,numerical_result,,none,not_applicable,true,biofilms_potts.jl compute_delta_H_terms,code,restate,"State the ratio against the shipped reach: 9.6 in Delta H, 10.2 in acceptance bias. Done 2026-08-30.","A CORRECTION THAT REACHED THE SAME SENTENCE TWICE AND HALF-LANDED, which is a different mechanism from the four propagation failures beside it. The 'four orders' half was fixed while the ratio still used a pre-pairwise number. ARITHMETIC, checked against Table 3's own values: melanin Delta H = -0.720 at M=1.44, bias 1.1548; radiation at the shipped reach 7.505e-2, bias 1.0151. Delta H ratio 9.6, bias ratio 10.2. NEITHER IS FIFTEEN. The value 15.41 is the BIAS ratio computed against a reach of 5e-2 - a number appearing nowhere in this paper - and 14.40 is the Delta H ratio at the same 5e-2. So the sentence was written mid-correction against the withdrawn magnitude. CAUGHT BEFORE PROPAGATION: PP-71-03 and PP-CONC-01 were about to copy this ratio, which would have spread one error to three places. HOW THIS LIST WAS PRODUCED, AND WHAT BOUNDS IT. Reading two PDFs found four defects. A grep over the term set {negligible, orders of magnitude, 10^{-5}, 5x10^{-5}, four orders, dominat, dwarf, vanishing, one part in} found a fifth in the Conclusion. An INVERTED pass then read every hit for {radiation term, Delta H_rad} - a population small enough to enumerate - and added none, which is what converts a keyword search into a complete pass over a bounded set. THE LIST IS BOUNDED BY THOSE TERMS AND BY THAT ENUMERATION and asserts no completeness beyond them: a sentence carrying the superseded picture in none of those words would still be invisible, which is the same incompleteness tools/absence_gate.py prints five known gaps for."
PP-71-03,preprint,section 7.1,The melanin term dominates the direct species-specific radiation term by several orders of magnitude.,numerical_result,,none,not_applicable,true,biofilms_potts.jl compute_delta_H_terms,code,restate,"State the ratio, and name the register: about an order of magnitude in Delta H (9.6). Done 2026-08-30.","THE VERSION 1.2 CORRECTION LANDED IN THE RESULTS AND NEVER REACHED THE DISCUSSION. This sentence and section 6.2's sat in one document contradicting each other. Step 4 of the correction protocol is to audit everything computed FROM the corrected number, and it did not run over the prose that repeats it. THE REGISTER IS NAMED because there are two ratios 6 percent apart - 9.6 for Delta H magnitudes and 10.2 for acceptance biases - and an unlabelled number in two places is how the next sweep finds the same claim disagreeing with itself. Sections 6.2, 7.1 and the Conclusion compare Hamiltonian terms and use the Delta H ratio; the Abstract quotes 15.5 percent, a bias figure, and uses the bias ratio."
PP-CONC-01,preprint,conclusion,The direct species-specific radiation term is negligible for the two negatively signed classes.,numerical_result,,none,not_applicable,true,biofilms_potts.jl compute_delta_H_terms,code,restate,State the ratio instead of negligibility. Done 2026-08-30.,"FOUND ONLY BY THE SWEEP, NOT BY READING, and phrased like section 7.1's. Literally true in the same narrow way the Abstract's sentence was - the scope clause survives - which is why nothing caught either. Its survival is the evidence that the list of four produced by reading was incomplete. HOW THIS LIST WAS PRODUCED, AND WHAT BOUNDS IT. Reading two PDFs found four defects. A grep over the term set {negligible, orders of magnitude, 10^{-5}, 5x10^{-5}, four orders, dominat, dwarf, vanishing, one part in} found a fifth in the Conclusion. An INVERTED pass then read every hit for {radiation term, Delta H_rad} - a population small enough to enumerate - and added none, which is what converts a keyword search into a complete pass over a bounded set. THE LIST IS BOUNDED BY THOSE TERMS AND BY THAT ENUMERATION and asserts no completeness beyond them: a sentence carrying the superseded picture in none of those words would still be invisible, which is the same incompleteness tools/absence_gate.py prints five known gaps for."
PP-AB-05,preprint,abstract,The direct per-species radiation term changes Metropolis acceptance by approximately one part in 1e5 for the two negatively signed species.,numerical_result,,none,not_applicable,true,biofilms_potts.jl compute_delta_H_terms,code,restate,"State the finding rather than the correction history, at the level the Abstract already works at. Done 2026-08-30.","LITERALLY TRUE AND STILL THE WRONG SENTENCE. The scope clause 'for the two negatively signed species' survives the correction, so no phrase guard and no bound check could fire, and an abstract-only reader got version 1.1's picture. THE FIX IS NOT TO APPEND THE CORRECTED REACH: that would make one sentence carry two numbers, a scope clause and a withdrawal, and ask the reader to track a retraction. Corrections belong in the correction section. AND THE REPLACEMENT MUST NOT TRADE SCOPED-BUT-MISLEADING FOR UNSCOPED-BUT-ACCURATE: 'sixteen of 206042' is measured at N=40, seeds 42/43/44, 400 MCS, and the 26.7 percent is measured over the same three runs, so neither is scope-free. The Abstract already works at the COEFFICIENT level - 15.5 percent is a property of the melanin coefficient at M=1.44 and of no run - so the parallel is the reach itself, 7.505e-2, a property of the shipped coefficients with no run, seed or configuration attached."
PP-DAM-01,preprint,"section 3.12, structural-prior passage","With gamma in [0,1] the diffusivity can move only from D_eff,0 toward D_w so the family cannot express a radiation-induced decrease in effective diffusivity.",structural_claim,,none,not_applicable,true,biofilms_potts_jacc.jl:268; biofilms_radiodialysis.R:242; biofilms_radiodialysis.R:293,code,requalify,"TWO INDEPENDENT REPAIRS EXIST AND THIS ROW CLOSES ON EXACTLY ONE. (i) REQUALIFY: attach ""for D_eff,0 < D_w"" to the section 3.12 sentence. That makes the sentence true and leaves radial_parms' D_eff = 1e-3 still a reactor-scale dispersion coefficient under a film-scale name. (ii) CORRECT THE DEFAULT: bring every shipped D_eff below D_w. That makes the unqualified sentence true OF THIS REPOSITORY and leaves it false for any reader who supplies D_eff,0 > D_w, which the sentence invites by claiming a property of the FAMILY. NEITHER FIX CLOSES THE OTHER AND THIS ROW IS NOT DISCHARGED BY (ii). (i) is what this row tracks; (ii) is the naming defect the phase-2 figure's ""What this number is not"" block already records and it carries its own verdict elsewhere.","A DIFFERENT DEFECT CLASS FROM A BAD VALUE, and the bad value was already known. Section 3.12 argues the exponential-damage family is STRUCTURALLY incapable of expressing a decrease in D_eff and offers that incapacity as a limitation of the form. At the shipped radial default the family expresses one: D_w is about 2.3e-5 cm2/s and D_eff,0 = 1e-3 cm2/s (biofilms_potts_jacc.jl:268, biofilms_radiodialysis.R:242), so (D_w - D_eff,0) is NEGATIVE and gamma in [0,1] moves D_eff downward by up to 43.5x. The manuscript's claim about its own model form is falsified by the model's own parameter - not unsupported, falsified. THE STRUCTURAL CLAIM SILENTLY ASSUMES D_eff,0 < D_w, which holds for exactly one shipped default: slab_parms' 1e-5 (biofilms_radiodialysis.R:293). AND THE FALSIFYING PARAMETER IS NOT A PARAMETER OF THE DAMAGE LAW. No code implements gamma = 1 - e^(-lambda D) or the D_w interpolation at all; the form is manuscript-only. The code's damage terms are alpha_P = 0.02 /Gy on permeability and k_dam = 0.005 /Gy structural (biofilms_radiodialysis.R:257-259, biofilms_potts.jl:1372-1373), neither acting on D_eff. So a reader auditing the damage law's implementation would not meet this contradiction; it is only visible by reading the transport solver's D_eff against a manuscript sentence about a form the solver does not contain. SCOPE ON WHAT IS SHIPPED, BECAUSE THE SENTENCE ABOVE CAN BE MISREAD AS NAMING TWO SHIPPED VALUES. D_w HAS NO SHIPPED VALUE ANYWHERE IN THIS REPOSITORY. Searched: all .jl, .R and .py sources for D_w, D_water, D_bulk, D_free, self_diff and the literal 2.3e-5. Every hit is a GUARD or a docstring, and calibration/tests/test_sop_index.py:219 asserts D_w is ABSENT from sources as a condition of SOP-T4's no-signal registry. The 2.3e-5 cm2/s used here is water self-diffusivity from the literature, carried in this row and in calibration/tests/test_figure_staleness.py:59, not read off a parameter. SO THIS IS A SHIPPED DEFAULT CLASHING WITH A SPECIFIED LAW, NOT TWO SHIPPED THINGS - the law and its D_w exist only in the manuscript, and only D_eff,0 is a parameter anything runs."
FIG-08,preprint/figures/phase2_diffusion_cell.pdf,panel: Open choice: the tracer run,In Hanford sediments tritiated water resolved intragranular pore volume where bromide did not.,empirical_literature_claim,,none,not_applicable,false,,literature,keep,"Name the source in the figure before the panel reaches Dr. Deng. Done 2026-08-31: Hay, Stoliker, Davis & Zachara 2011, Water Resources Research, doi:10.1029/2010WR010303.","SHIPPED UNCITED IN A FIGURE ADDRESSED TO A NAMED EXTERNAL READER WHOSE FIELD THIS IS - the configuration that produced HOFFMAN-01 and HOFFMAN-02. Verified 2026-08-31 against the USGS publication page for the paper, which carries the authors' own summary: sediments are the uranium-contaminated vadose and capillary-fringe materials beneath the former 300A process ponds at Hanford, and ""experiments using bromide ion as a tracer yielded very different results, suggesting very little penetration of bromide into the intragranular porosity"". The Wiley abstract page returns 403 and was not read. WHAT WAS DELIBERATELY NOT CARRIED INTO THE FIGURE: volume 47 and article number W10531 appeared only in search-engine summaries, in no page actually fetched, and a specific supplied by a secondhand summary and not seen in the source is precisely HOFFMAN-01. The panel cites year, journal and DOI, all three read off the USGS page."
FIG-09,preprint/figures/phase2_diffusion_cell.pdf,panel: Open choice: the tracer,Bromide is size- and charge-excluded from fine porosity.,mechanism_claim,,none,not_applicable,false,,literature,delete,"Remove the mechanism attribution. Done 2026-08-31: the panel now states the observed result and cites it, and asserts no mechanism.","THE SOURCE REPORTS THE OBSERVATION, NOT THE MECHANISM. Hay et al. 2011 report very little bromide penetration and infer restricted access; ""anion exclusion"" as the named cause came from a search-engine summary of that paper, not from any page read. Size exclusion and charge exclusion are two mechanisms and the figure asserted both, unsourced, in a sentence that read as established. The deleted mechanism does not change what the panel is FOR: the tracer choice question stands on the observation alone. WHAT THE GUARD DOES NOT COVER, STATED HERE BECAUSE THE ROW WOULD OTHERWISE IMPLY IT DOES. test_claims_ledger.py matches this row's distinguishing_phrase as a SUBSTRING of the figure's .txt sidecar, so it catches the exact withdrawn wording and nothing else; a reworded assertion of the same claim passes it silently. THE WITHDRAWAL IS SEMANTIC, NOT PHRASAL: what is deleted is the claim that an EPS matrix excludes anions the way Hanford intragranular porosity did, in ANY wording. The mechanical check is a floor under a human one, not a substitute for it."
FIG-10,preprint/figures/phase2_diffusion_cell.pdf,panel: Open choice: the tracer,an anionic EPS matrix is the same trap,transfer_claim,,none,not_applicable,false,,literature,delete,"Withdraw the transfer or source it from the EPS literature. Done 2026-08-31: withdrawn, and the panel now says the same holds in an EPS gel is untested.","A SEDIMENT RESULT TRANSFERRED TO A HYDROGEL WITHOUT A SOURCE IN THE HYDROGEL LITERATURE. What the EPS literature actually reports is the opposite sign of concern: Stewart 2003, J. Bacteriol. 185:1485-1491, compiles relative effective diffusivities in biofilms and puts small inorganic ions at De/Daq of roughly 0.56 to 0.70 - HINDERED, NOT EXCLUDED - and the well-documented charge effect in anionic EPS is retardation of CATIONS, e.g. tobramycin sequestered by alginate, not exclusion of small anions. Hanford intragranular porosity is nm-scale voids in a rigid mineral aggregate; EPS is an open gel above 90 percent water where the Debye length at physiological ionic strength is of order 1 nm. The two systems share a word, not a measured behaviour. THIS WOULD HAVE BEEN THE FIRST THING DR. DENG SAW, and the panel asking him a question is the wrong place to assert something in his field that the field does not say. WHAT THE GUARD DOES NOT COVER, STATED HERE BECAUSE THE ROW WOULD OTHERWISE IMPLY IT DOES. test_claims_ledger.py matches this row's distinguishing_phrase as a SUBSTRING of the figure's .txt sidecar, so it catches the exact withdrawn wording and nothing else; a reworded assertion of the same claim passes it silently. THE WITHDRAWAL IS SEMANTIC, NOT PHRASAL: what is deleted is the claim that an EPS matrix excludes anions the way Hanford intragranular porosity did, in ANY wording. The mechanical check is a floor under a human one, not a substitute for it."
PP-DEFF-01,repository,biofilms_radiodialysis.R:242 radial_parms comment; and the symbol D_eff throughout,"D_eff = 1e-3 cm2/s is the effective diffusivity, Table 2 range 1e-4..1e-2.",parameter_provenance,1e-3,cm2 s-1,false,true,biofilms_radiodialysis.R:152; biofilms_radiodialysis.R:242; biofilms_radiodialysis.R:293; biofilms_potts_jacc.jl:268,code,restate,"Restate the comment so it names WHICH quantity the value is, and drop the unresolvable range. One symbol currently carries three distinct quantities and the shipped value is none of them: (a) a film-scale effective diffusivity, which at minimum means D_eff = D0 * eps/tau, porosity over tortuosity, BOTH corrections reducing, so D_eff < D0 always; (b) the bench quantity, D_app = D_eff/R, lumped by sorption and separable only with K_d from a suspended isotherm; (c) the solver's own D_eff, which is UNRETARDED because biofilms_radiodialysis.R:10-13 carries sorption explicitly as a two-phase c/s system with k_ads, k_red, k_des and k_loss. SEPARATELY AND NOT DISCHARGED BY THIS ROW: the section 3.12 damage law presupposes D_eff,0 < D_w, which this default violates - that is PP-DAM-01 and it has its own verdict.","TWO FINDINGS WITH DIFFERENT VERDICTS, AND THE ROW STATES THE SCOPE OF EACH BECAUSE THEY ARE NOT EQUALLY WELL ESTABLISHED. FINDING 1, REFUTED, NEEDS NO PROVENANCE: the quoted span 1e-4..1e-2 cm2/s lies ENTIRELY ABOVE water self-diffusivity, about 2.3e-5 cm2/s. Since D_eff = D0 * eps/tau with eps < 1 and tau > 1, no value in that span can be a film-scale effective diffusivity of anything in water. The range is impossible as stated, independently of where it came from. FINDING 2, MIXED, AND HERE IS THE SET SEARCHED. The referent is named at biofilms_radiodialysis.R:152 as ""Table 2 of the paper and Deep Research synthesis (April 2026)"", and ""the paper"" is fixed at biofilms_radiodialysis.R:3 as Kinder & Faulkner 2026, preprint/modeling_radioresistance_and_radiotropic_fitness.tex. THAT HALF RESOLVES AND IS REFUTED: the file's four table labels in document order are tab:notation, tab:params, tab:term_magnitudes and tab:decided_moves, so Table 2 IS tab:params, it exists, and its only diffusion rows are per-species cell motility D_s in um2/s over 0.005 to 1.00 - no D_eff, no cm2/s, no 1e-4..1e-2. The superseded predecessor calibration/tests/fixtures/modeling_radiotrophic_fitness_prerevision.md carries no D_eff table either. That is a bounded enumeration over four tables in one named file plus one fixture, which is the strong form. THE OTHER HALF IS UNRESOLVED, NOT REFUTED: the ""Deep Research synthesis (April 2026)"" is NOT IN THIS REPOSITORY - a case-insensitive search for ""deep research"" over .md, .tex and .csv returns nothing outside the R file's own header - so the claim about it is that the comment cites a provenance I CANNOT RESOLVE, and this row asserts NOTHING about what that document contains. Saying which of the two is which is the point: refuted and unresolvable take different repairs."
